_id,FACILITY_CODE,FACILITY_DESC,QTR_MON_YEAR,SPECIALTY_CODE,SPECIALTY_DESC,TREATED_QTR_CURRENT,PERC_TREATED_IN_TIME_QTR,TREATED_VARIANCE_QTR,WAITING_EOQ,LONG_WAIT_EOQ,PERCENT_WAITING_IN_TIME_EOQ,Data Date,RFS_LONG_WAIT_EOQ,NRFS_LONG_WAIT_EOQ,PERCENT_RFS_WAITING_IN_TIME_EOQ
1,211,Atherton Hospital,DEC2021,1,cardio-thoracic surgery,0,0,0,0,0,0,2022-01-17T00:00:00,0,0,0
2,211,Atherton Hospital,DEC2021,10,vascular surgery,0,0,0,0,0,0,2022-01-17T00:00:00,0,0,0
3,211,Atherton Hospital,DEC2021,11,other surgery,0,0,-100,0,0,0,2022-01-17T00:00:00,0,0,0
4,211,Atherton Hospital,DEC2021,2,ENT surgery,0,0,0,0,0,0,2022-01-17T00:00:00,0,0,0
5,211,Atherton Hospital,DEC2021,3,general surgery,68,97.099999999999994315658113919198513031005859375,9.7000000000000010658141036401502788066864013671875,35,0,100,2022-01-17T00:00:00,0,0,100
6,211,Atherton Hospital,DEC2021,4,gynaecology,0,0,0,0,0,0,2022-01-17T00:00:00,0,0,0
7,211,Atherton Hospital,DEC2021,5,neurosurgery,0,0,0,0,0,0,2022-01-17T00:00:00,0,0,0
8,211,Atherton Hospital,DEC2021,6,ophthalmology,0,0,0,0,0,0,2022-01-17T00:00:00,0,0,0
9,211,Atherton Hospital,DEC2021,7,orthopaedic surgery,0,0,0,0,0,0,2022-01-17T00:00:00,0,0,0
10,211,Atherton Hospital,DEC2021,8,plastic & reconstructive surgery,0,0,0,0,0,0,2022-01-17T00:00:00,0,0,0
11,211,Atherton Hospital,DEC2021,9,urology,0,0,0,0,0,0,2022-01-17T00:00:00,0,0,0
12,211,Atherton Hospital,DEC2021,ALL,ALL,68,97.099999999999994315658113919198513031005859375,4.60000000000000053290705182007513940334320068359375,35,0,100,2022-01-17T00:00:00,0,0,100
13,191,Ayr Hospital,DEC2021,1,cardio-thoracic surgery,0,0,0,0,0,0,2022-01-17T00:00:00,0,0,0
14,191,Ayr Hospital,DEC2021,10,vascular surgery,0,0,0,0,0,0,2022-01-17T00:00:00,0,0,0
15,191,Ayr Hospital,DEC2021,11,other surgery,7,100,-12.5,3,0,100,2022-01-17T00:00:00,0,0,100
16,191,Ayr Hospital,DEC2021,2,ENT surgery,0,0,0,0,0,0,2022-01-17T00:00:00,0,0,0
17,191,Ayr Hospital,DEC2021,3,general surgery,0,0,0,0,0,0,2022-01-17T00:00:00,0,0,0
18,191,Ayr Hospital,DEC2021,4,gynaecology,0,0,0,0,0,0,2022-01-17T00:00:00,0,0,0
19,191,Ayr Hospital,DEC2021,5,neurosurgery,0,0,0,0,0,0,2022-01-17T00:00:00,0,0,0
20,191,Ayr Hospital,DEC2021,6,ophthalmology,0,0,0,0,0,0,2022-01-17T00:00:00,0,0,0
21,191,Ayr Hospital,DEC2021,7,orthopaedic surgery,0,0,0,0,0,0,2022-01-17T00:00:00,0,0,0
22,191,Ayr Hospital,DEC2021,8,plastic & reconstructive surgery,0,0,0,0,0,0,2022-01-17T00:00:00,0,0,0
23,191,Ayr Hospital,DEC2021,9,urology,0,0,0,0,0,0,2022-01-17T00:00:00,0,0,0
24,191,Ayr Hospital,DEC2021,ALL,ALL,7,100,-12.5,3,0,100,2022-01-17T00:00:00,0,0,100
25,213,Bamaga Hospital,DEC2021,1,cardio-thoracic surgery,0,0,0,0,0,0,2022-01-17T00:00:00,0,0,0
26,213,Bamaga Hospital,DEC2021,10,vascular surgery,0,0,0,0,0,0,2022-01-17T00:00:00,0,0,0
27,213,Bamaga Hospital,DEC2021,11,other surgery,0,0,0,0,0,0,2022-01-17T00:00:00,0,0,0
28,213,Bamaga Hospital,DEC2021,2,ENT surgery,0,0,0,0,0,0,2022-01-17T00:00:00,0,0,0
29,213,Bamaga Hospital,DEC2021,3,general surgery,0,0,0,0,0,0,2022-01-17T00:00:00,0,0,0
30,213,Bamaga Hospital,DEC2021,4,gynaecology,0,0,0,0,0,0,2022-01-17T00:00:00,0,0,0
31,213,Bamaga Hospital,DEC2021,5,neurosurgery,0,0,0,0,0,0,2022-01-17T00:00:00,0,0,0
32,213,Bamaga Hospital,DEC2021,6,ophthalmology,0,0,0,0,0,0,2022-01-17T00:00:00,0,0,0
33,213,Bamaga Hospital,DEC2021,7,orthopaedic surgery,0,0,0,0,0,0,2022-01-17T00:00:00,0,0,0
34,213,Bamaga Hospital,DEC2021,8,plastic & reconstructive surgery,0,0,0,0,0,0,2022-01-17T00:00:00,0,0,0
35,213,Bamaga Hospital,DEC2021,9,urology,0,0,0,0,0,0,2022-01-17T00:00:00,0,0,0
36,213,Bamaga Hospital,DEC2021,ALL,ALL,0,0,0,0,0,0,2022-01-17T00:00:00,0,0,0
37,41,Beaudesert Hospital,DEC2021,1,cardio-thoracic surgery,0,0,0,0,0,0,2022-01-17T00:00:00,0,0,0
38,41,Beaudesert Hospital,DEC2021,10,vascular surgery,0,0,0,0,0,0,2022-01-17T00:00:00,0,0,0
39,41,Beaudesert Hospital,DEC2021,11,other surgery,0,0,0,0,0,0,2022-01-17T00:00:00,0,0,0
40,41,Beaudesert Hospital,DEC2021,2,ENT surgery,0,0,0,0,0,0,2022-01-17T00:00:00,0,0,0
41,41,Beaudesert Hospital,DEC2021,3,general surgery,24,100,-40,10,0,100,2022-01-17T00:00:00,0,0,100
42,41,Beaudesert Hospital,DEC2021,4,gynaecology,0,0,-100,10,2,80,2022-01-17T00:00:00,2,0,77.7999999999999971578290569595992565155029296875
43,41,Beaudesert Hospital,DEC2021,5,neurosurgery,0,0,0,0,0,0,2022-01-17T00:00:00,0,0,0
44,41,Beaudesert Hospital,DEC2021,6,ophthalmology,0,0,0,0,0,0,2022-01-17T00:00:00,0,0,0
45,41,Beaudesert Hospital,DEC2021,7,orthopaedic surgery,0,0,0,0,0,0,2022-01-17T00:00:00,0,0,0
46,41,Beaudesert Hospital,DEC2021,8,plastic & reconstructive surgery,0,0,0,0,0,0,2022-01-17T00:00:00,0,0,0
47,41,Beaudesert Hospital,DEC2021,9,urology,0,0,0,0,0,0,2022-01-17T00:00:00,0,0,0
48,41,Beaudesert Hospital,DEC2021,ALL,ALL,24,100,-45.5,20,2,90,2022-01-17T00:00:00,2,0,88.2000000000000028421709430404007434844970703125
49,133,Biloela Hospital,DEC2021,1,cardio-thoracic surgery,0,0,0,0,0,0,2022-01-17T00:00:00,0,0,0
50,133,Biloela Hospital,DEC2021,10,vascular surgery,0,0,0,0,0,0,2022-01-17T00:00:00,0,0,0
51,133,Biloela Hospital,DEC2021,11,other surgery,0,0,0,0,0,0,2022-01-17T00:00:00,0,0,0
52,133,Biloela Hospital,DEC2021,2,ENT surgery,0,0,0,0,0,0,2022-01-17T00:00:00,0,0,0
53,133,Biloela Hospital,DEC2021,3,general surgery,0,0,-100,1,0,100,2022-01-17T00:00:00,0,0,100
54,133,Biloela Hospital,DEC2021,4,gynaecology,0,0,-100,0,0,0,2022-01-17T00:00:00,0,0,0
55,133,Biloela Hospital,DEC2021,5,neurosurgery,0,0,0,0,0,0,2022-01-17T00:00:00,0,0,0
56,133,Biloela Hospital,DEC2021,6,ophthalmology,0,0,0,0,0,0,2022-01-17T00:00:00,0,0,0
57,133,Biloela Hospital,DEC2021,7,orthopaedic surgery,0,0,0,0,0,0,2022-01-17T00:00:00,0,0,0
58,133,Biloela Hospital,DEC2021,8,plastic & reconstructive surgery,0,0,0,0,0,0,2022-01-17T00:00:00,0,0,0
59,133,Biloela Hospital,DEC2021,9,urology,0,0,0,0,0,0,2022-01-17T00:00:00,0,0,0
60,133,Biloela Hospital,DEC2021,ALL,ALL,0,0,-100,1,0,100,2022-01-17T00:00:00,0,0,100
61,62,Bundaberg Hospital,DEC2021,1,cardio-thoracic surgery,0,0,0,0,0,0,2022-01-17T00:00:00,0,0,0
62,62,Bundaberg Hospital,DEC2021,10,vascular surgery,0,0,0,0,0,0,2022-01-17T00:00:00,0,0,0
63,62,Bundaberg Hospital,DEC2021,11,other surgery,0,0,0,0,0,0,2022-01-17T00:00:00,0,0,0
64,62,Bundaberg Hospital,DEC2021,2,ENT surgery,0,0,0,0,0,0,2022-01-17T00:00:00,0,0,0
65,62,Bundaberg Hospital,DEC2021,3,general surgery,303,99.7000000000000028421709430404007434844970703125,9.800000000000000710542735760100185871124267578125,307,1,99.7000000000000028421709430404007434844970703125,2022-01-17T00:00:00,0,1,100
66,62,Bundaberg Hospital,DEC2021,4,gynaecology,105,99,9.4000000000000003552713678800500929355621337890625,119,0,100,2022-01-17T00:00:00,0,0,100
67,62,Bundaberg Hospital,DEC2021,5,neurosurgery,0,0,0,0,0,0,2022-01-17T00:00:00,0,0,0
68,62,Bundaberg Hospital,DEC2021,6,ophthalmology,0,0,0,0,0,0,2022-01-17T00:00:00,0,0,0
69,62,Bundaberg Hospital,DEC2021,7,orthopaedic surgery,162,99.400000000000005684341886080801486968994140625,3.79999999999999982236431605997495353221893310546875,439,0,100,2022-01-17T00:00:00,0,0,100
70,62,Bundaberg Hospital,DEC2021,8,plastic & reconstructive surgery,0,0,0,0,0,0,2022-01-17T00:00:00,0,0,0
71,62,Bundaberg Hospital,DEC2021,9,urology,0,0,0,0,0,0,2022-01-17T00:00:00,0,0,0
72,62,Bundaberg Hospital,DEC2021,ALL,ALL,570,99.5,8,865,1,99.900000000000005684341886080801486968994140625,2022-01-17T00:00:00,0,1,100
73,30,Caboolture Hospital,DEC2021,1,cardio-thoracic surgery,0,0,0,0,0,0,2022-01-17T00:00:00,0,0,0
74,30,Caboolture Hospital,DEC2021,10,vascular surgery,0,0,0,0,0,0,2022-01-17T00:00:00,0,0,0
75,30,Caboolture Hospital,DEC2021,11,other surgery,1,100,0,0,0,0,2022-01-17T00:00:00,0,0,0
76,30,Caboolture Hospital,DEC2021,2,ENT surgery,9,88.900000000000005684341886080801486968994140625,-52.60000000000000142108547152020037174224853515625,59,0,100,2022-01-17T00:00:00,0,0,100
77,30,Caboolture Hospital,DEC2021,3,general surgery,295,99.7000000000000028421709430404007434844970703125,-33.60000000000000142108547152020037174224853515625,96,0,100,2022-01-17T00:00:00,0,0,100
78,30,Caboolture Hospital,DEC2021,4,gynaecology,259,99.2000000000000028421709430404007434844970703125,-1.899999999999999911182158029987476766109466552734375,202,2,99,2022-01-17T00:00:00,1,1,99.5
79,30,Caboolture Hospital,DEC2021,5,neurosurgery,0,0,0,0,0,0,2022-01-17T00:00:00,0,0,0
80,30,Caboolture Hospital,DEC2021,6,ophthalmology,0,0,0,0,0,0,2022-01-17T00:00:00,0,0,0
81,30,Caboolture Hospital,DEC2021,7,orthopaedic surgery,0,0,0,0,0,0,2022-01-17T00:00:00,0,0,0
82,30,Caboolture Hospital,DEC2021,8,plastic & reconstructive surgery,0,0,0,0,0,0,2022-01-17T00:00:00,0,0,0
83,30,Caboolture Hospital,DEC2021,9,urology,0,0,0,0,0,0,2022-01-17T00:00:00,0,0,0
84,30,Caboolture Hospital,DEC2021,ALL,ALL,564,99.2999999999999971578290569595992565155029296875,-22.39999999999999857891452847979962825775146484375,357,2,99.400000000000005684341886080801486968994140625,2022-01-17T00:00:00,1,1,99.7000000000000028421709430404007434844970703125
85,214,Cairns Hospital,DEC2021,1,cardio-thoracic surgery,0,0,0,0,0,0,2022-01-17T00:00:00,0,0,0
86,214,Cairns Hospital,DEC2021,10,vascular surgery,160,98.099999999999994315658113919198513031005859375,27,135,3,97.7999999999999971578290569595992565155029296875,2022-01-17T00:00:00,1,2,99.099999999999994315658113919198513031005859375
87,214,Cairns Hospital,DEC2021,11,other surgery,20,95,-4.79999999999999982236431605997495353221893310546875,50,8,84,2022-01-17T00:00:00,6,2,86.400000000000005684341886080801486968994140625
88,214,Cairns Hospital,DEC2021,2,ENT surgery,205,99.5,103,648,0,100,2022-01-17T00:00:00,0,0,100
89,214,Cairns Hospital,DEC2021,3,general surgery,301,98,-10.4000000000000003552713678800500929355621337890625,714,2,99.7000000000000028421709430404007434844970703125,2022-01-17T00:00:00,1,1,99.7999999999999971578290569595992565155029296875
90,214,Cairns Hospital,DEC2021,4,gynaecology,256,85.5,-17.900000000000002131628207280300557613372802734375,488,25,94.900000000000005684341886080801486968994140625,2022-01-17T00:00:00,16,9,96.2000000000000028421709430404007434844970703125
91,214,Cairns Hospital,DEC2021,5,neurosurgery,0,0,0,0,0,0,2022-01-17T00:00:00,0,0,0
92,214,Cairns Hospital,DEC2021,6,ophthalmology,95,85.2999999999999971578290569595992565155029296875,-5,369,8,97.7999999999999971578290569595992565155029296875,2022-01-17T00:00:00,5,3,98.5
93,214,Cairns Hospital,DEC2021,7,orthopaedic surgery,239,93.7000000000000028421709430404007434844970703125,-17.60000000000000142108547152020037174224853515625,1002,43,95.7000000000000028421709430404007434844970703125,2022-01-17T00:00:00,34,9,96.099999999999994315658113919198513031005859375
94,214,Cairns Hospital,DEC2021,8,plastic & reconstructive surgery,303,78.900000000000005684341886080801486968994140625,31.699999999999999289457264239899814128875732421875,265,41,84.5,2022-01-17T00:00:00,31,10,85.599999999999994315658113919198513031005859375
95,214,Cairns Hospital,DEC2021,9,urology,183,78.1000000000000085265128291212022304534912109375,14.4000000000000003552713678800500929355621337890625,299,91,69.6000000000000085265128291212022304534912109375,2022-01-17T00:00:00,77,14,67
96,214,Cairns Hospital,DEC2021,ALL,ALL,1762,89.7000000000000028421709430404007434844970703125,5.10000000000000053290705182007513940334320068359375,3970,221,94.400000000000005684341886080801486968994140625,2022-01-17T00:00:00,171,50,95
97,43,Caloundra Hospital,DEC2021,1,cardio-thoracic surgery,0,0,0,0,0,0,2022-01-17T00:00:00,0,0,0
98,43,Caloundra Hospital,DEC2021,10,vascular surgery,0,0,0,0,0,0,2022-01-17T00:00:00,0,0,0
99,43,Caloundra Hospital,DEC2021,11,other surgery,0,0,0,0,0,0,2022-01-17T00:00:00,0,0,0
100,43,Caloundra Hospital,DEC2021,2,ENT surgery,0,0,0,0,0,0,2022-01-17T00:00:00,0,0,0
101,43,Caloundra Hospital,DEC2021,3,general surgery,0,0,0,0,0,0,2022-01-17T00:00:00,0,0,0
102,43,Caloundra Hospital,DEC2021,4,gynaecology,0,0,0,0,0,0,2022-01-17T00:00:00,0,0,0
103,43,Caloundra Hospital,DEC2021,5,neurosurgery,0,0,0,0,0,0,2022-01-17T00:00:00,0,0,0
104,43,Caloundra Hospital,DEC2021,6,ophthalmology,0,0,-100,257,34,86.7999999999999971578290569595992565155029296875,2022-01-17T00:00:00,31,3,87.599999999999994315658113919198513031005859375
105,43,Caloundra Hospital,DEC2021,7,orthopaedic surgery,0,0,0,0,0,0,2022-01-17T00:00:00,0,0,0
106,43,Caloundra Hospital,DEC2021,8,plastic & reconstructive surgery,0,0,0,0,0,0,2022-01-17T00:00:00,0,0,0
107,43,Caloundra Hospital,DEC2021,9,urology,0,0,0,0,0,0,2022-01-17T00:00:00,0,0,0
108,43,Caloundra Hospital,DEC2021,ALL,ALL,0,0,-100,257,34,86.7999999999999971578290569595992565155029296875,2022-01-17T00:00:00,31,3,87.599999999999994315658113919198513031005859375
109,112,Charleville Hospital,DEC2021,1,cardio-thoracic surgery,0,0,0,0,0,0,2022-01-17T00:00:00,0,0,0
110,112,Charleville Hospital,DEC2021,10,vascular surgery,0,0,0,0,0,0,2022-01-17T00:00:00,0,0,0
111,112,Charleville Hospital,DEC2021,11,other surgery,2,100,0,0,0,0,2022-01-17T00:00:00,0,0,0
112,112,Charleville Hospital,DEC2021,2,ENT surgery,0,0,0,0,0,0,2022-01-17T00:00:00,0,0,0
113,112,Charleville Hospital,DEC2021,3,general surgery,8,100,-33.2999999999999971578290569595992565155029296875,11,0,100,2022-01-17T00:00:00,0,0,100
114,112,Charleville Hospital,DEC2021,4,gynaecology,6,100,-25,7,0,100,2022-01-17T00:00:00,0,0,100
115,112,Charleville Hospital,DEC2021,5,neurosurgery,0,0,0,0,0,0,2022-01-17T00:00:00,0,0,0
116,112,Charleville Hospital,DEC2021,6,ophthalmology,0,0,0,0,0,0,2022-01-17T00:00:00,0,0,0
117,112,Charleville Hospital,DEC2021,7,orthopaedic surgery,0,0,0,0,0,0,2022-01-17T00:00:00,0,0,0
118,112,Charleville Hospital,DEC2021,8,plastic & reconstructive surgery,0,0,0,0,0,0,2022-01-17T00:00:00,0,0,0
119,112,Charleville Hospital,DEC2021,9,urology,0,0,0,0,0,0,2022-01-17T00:00:00,0,0,0
120,112,Charleville Hospital,DEC2021,ALL,ALL,16,100,-20,18,0,100,2022-01-17T00:00:00,0,0,100
121,193,Charters Towers Hospital,DEC2021,1,cardio-thoracic surgery,0,0,0,0,0,0,2022-01-17T00:00:00,0,0,0
122,193,Charters Towers Hospital,DEC2021,10,vascular surgery,0,0,0,0,0,0,2022-01-17T00:00:00,0,0,0
123,193,Charters Towers Hospital,DEC2021,11,other surgery,0,0,0,0,0,0,2022-01-17T00:00:00,0,0,0
124,193,Charters Towers Hospital,DEC2021,2,ENT surgery,0,0,0,0,0,0,2022-01-17T00:00:00,0,0,0
125,193,Charters Towers Hospital,DEC2021,3,general surgery,0,0,0,0,0,0,2022-01-17T00:00:00,0,0,0
126,193,Charters Towers Hospital,DEC2021,4,gynaecology,0,0,0,0,0,0,2022-01-17T00:00:00,0,0,0
127,193,Charters Towers Hospital,DEC2021,5,neurosurgery,0,0,0,0,0,0,2022-01-17T00:00:00,0,0,0
128,193,Charters Towers Hospital,DEC2021,6,ophthalmology,0,0,0,0,0,0,2022-01-17T00:00:00,0,0,0
129,193,Charters Towers Hospital,DEC2021,7,orthopaedic surgery,0,0,0,0,0,0,2022-01-17T00:00:00,0,0,0
130,193,Charters Towers Hospital,DEC2021,8,plastic & reconstructive surgery,0,0,0,0,0,0,2022-01-17T00:00:00,0,0,0
131,193,Charters Towers Hospital,DEC2021,9,urology,0,0,0,0,0,0,2022-01-17T00:00:00,0,0,0
132,193,Charters Towers Hospital,DEC2021,ALL,ALL,0,0,0,0,0,0,2022-01-17T00:00:00,0,0,0
133,91,Chinchilla Hospital,DEC2021,1,cardio-thoracic surgery,0,0,0,0,0,0,2022-01-17T00:00:00,0,0,0
134,91,Chinchilla Hospital,DEC2021,10,vascular surgery,0,0,0,0,0,0,2022-01-17T00:00:00,0,0,0
135,91,Chinchilla Hospital,DEC2021,11,other surgery,0,0,0,0,0,0,2022-01-17T00:00:00,0,0,0
136,91,Chinchilla Hospital,DEC2021,2,ENT surgery,0,0,0,0,0,0,2022-01-17T00:00:00,0,0,0
137,91,Chinchilla Hospital,DEC2021,3,general surgery,0,0,-100,7,0,100,2022-01-17T00:00:00,0,0,100
138,91,Chinchilla Hospital,DEC2021,4,gynaecology,0,0,0,1,0,100,2022-01-17T00:00:00,0,0,100
139,91,Chinchilla Hospital,DEC2021,5,neurosurgery,0,0,0,0,0,0,2022-01-17T00:00:00,0,0,0
140,91,Chinchilla Hospital,DEC2021,6,ophthalmology,0,0,0,0,0,0,2022-01-17T00:00:00,0,0,0
141,91,Chinchilla Hospital,DEC2021,7,orthopaedic surgery,0,0,0,0,0,0,2022-01-17T00:00:00,0,0,0
142,91,Chinchilla Hospital,DEC2021,8,plastic & reconstructive surgery,0,0,0,0,0,0,2022-01-17T00:00:00,0,0,0
143,91,Chinchilla Hospital,DEC2021,9,urology,0,0,0,0,0,0,2022-01-17T00:00:00,0,0,0
144,91,Chinchilla Hospital,DEC2021,ALL,ALL,0,0,-100,8,0,100,2022-01-17T00:00:00,0,0,100
145,216,Cooktown Hospital,DEC2021,1,cardio-thoracic surgery,0,0,0,0,0,0,2022-01-17T00:00:00,0,0,0
146,216,Cooktown Hospital,DEC2021,10,vascular surgery,0,0,0,0,0,0,2022-01-17T00:00:00,0,0,0
147,216,Cooktown Hospital,DEC2021,11,other surgery,0,0,0,0,0,0,2022-01-17T00:00:00,0,0,0
148,216,Cooktown Hospital,DEC2021,2,ENT surgery,7,100,0,2,0,100,2022-01-17T00:00:00,0,0,100
149,216,Cooktown Hospital,DEC2021,3,general surgery,5,100,-16.699999999999999289457264239899814128875732421875,0,0,0,2022-01-17T00:00:00,0,0,0
150,216,Cooktown Hospital,DEC2021,4,gynaecology,0,0,0,0,0,0,2022-01-17T00:00:00,0,0,0
151,216,Cooktown Hospital,DEC2021,5,neurosurgery,0,0,0,0,0,0,2022-01-17T00:00:00,0,0,0
152,216,Cooktown Hospital,DEC2021,6,ophthalmology,0,0,0,0,0,0,2022-01-17T00:00:00,0,0,0
153,216,Cooktown Hospital,DEC2021,7,orthopaedic surgery,0,0,0,0,0,0,2022-01-17T00:00:00,0,0,0
154,216,Cooktown Hospital,DEC2021,8,plastic & reconstructive surgery,0,0,0,0,0,0,2022-01-17T00:00:00,0,0,0
155,216,Cooktown Hospital,DEC2021,9,urology,0,0,0,0,0,0,2022-01-17T00:00:00,0,0,0
156,216,Cooktown Hospital,DEC2021,ALL,ALL,12,100,100,2,0,100,2022-01-17T00:00:00,0,0,100
157,92,Dalby Hospital,DEC2021,1,cardio-thoracic surgery,0,0,0,0,0,0,2022-01-17T00:00:00,0,0,0
158,92,Dalby Hospital,DEC2021,10,vascular surgery,0,0,0,0,0,0,2022-01-17T00:00:00,0,0,0
159,92,Dalby Hospital,DEC2021,11,other surgery,0,0,0,0,0,0,2022-01-17T00:00:00,0,0,0
160,92,Dalby Hospital,DEC2021,2,ENT surgery,0,0,0,0,0,0,2022-01-17T00:00:00,0,0,0
161,92,Dalby Hospital,DEC2021,3,general surgery,18,100,38.5,11,0,100,2022-01-17T00:00:00,0,0,100
162,92,Dalby Hospital,DEC2021,4,gynaecology,14,92.900000000000005684341886080801486968994140625,16.699999999999999289457264239899814128875732421875,26,0,100,2022-01-17T00:00:00,0,0,100
163,92,Dalby Hospital,DEC2021,5,neurosurgery,0,0,0,0,0,0,2022-01-17T00:00:00,0,0,0
164,92,Dalby Hospital,DEC2021,6,ophthalmology,0,0,0,0,0,0,2022-01-17T00:00:00,0,0,0
165,92,Dalby Hospital,DEC2021,7,orthopaedic surgery,0,0,0,0,0,0,2022-01-17T00:00:00,0,0,0
166,92,Dalby Hospital,DEC2021,8,plastic & reconstructive surgery,0,0,0,0,0,0,2022-01-17T00:00:00,0,0,0
167,92,Dalby Hospital,DEC2021,9,urology,0,0,0,0,0,0,2022-01-17T00:00:00,0,0,0
168,92,Dalby Hospital,DEC2021,ALL,ALL,32,96.900000000000005684341886080801486968994140625,28,37,0,100,2022-01-17T00:00:00,0,0,100
169,135,Emerald Hospital,DEC2021,1,cardio-thoracic surgery,0,0,0,0,0,0,2022-01-17T00:00:00,0,0,0
170,135,Emerald Hospital,DEC2021,10,vascular surgery,0,0,0,0,0,0,2022-01-17T00:00:00,0,0,0
171,135,Emerald Hospital,DEC2021,11,other surgery,0,0,0,0,0,0,2022-01-17T00:00:00,0,0,0
172,135,Emerald Hospital,DEC2021,2,ENT surgery,0,0,0,0,0,0,2022-01-17T00:00:00,0,0,0
173,135,Emerald Hospital,DEC2021,3,general surgery,26,73.1000000000000085265128291212022304534912109375,52.89999999999999857891452847979962825775146484375,36,4,88.900000000000005684341886080801486968994140625,2022-01-17T00:00:00,4,0,88.2000000000000028421709430404007434844970703125
174,135,Emerald Hospital,DEC2021,4,gynaecology,7,42.89999999999999857891452847979962825775146484375,-53.2999999999999971578290569595992565155029296875,9,0,100,2022-01-17T00:00:00,0,0,100
175,135,Emerald Hospital,DEC2021,5,neurosurgery,0,0,0,0,0,0,2022-01-17T00:00:00,0,0,0
176,135,Emerald Hospital,DEC2021,6,ophthalmology,24,100,242.900000000000005684341886080801486968994140625,21,1,95.2000000000000028421709430404007434844970703125,2022-01-17T00:00:00,1,0,95
177,135,Emerald Hospital,DEC2021,7,orthopaedic surgery,0,0,0,0,0,0,2022-01-17T00:00:00,0,0,0
178,135,Emerald Hospital,DEC2021,8,plastic & reconstructive surgery,0,0,0,0,0,0,2022-01-17T00:00:00,0,0,0
179,135,Emerald Hospital,DEC2021,9,urology,0,0,0,0,0,0,2022-01-17T00:00:00,0,0,0
180,135,Emerald Hospital,DEC2021,ALL,ALL,57,80.7000000000000028421709430404007434844970703125,46.2000000000000028421709430404007434844970703125,66,5,92.400000000000005684341886080801486968994140625,2022-01-17T00:00:00,5,0,92.099999999999994315658113919198513031005859375
181,136,Gladstone Hospital,DEC2021,1,cardio-thoracic surgery,0,0,0,0,0,0,2022-01-17T00:00:00,0,0,0
182,136,Gladstone Hospital,DEC2021,10,vascular surgery,0,0,0,0,0,0,2022-01-17T00:00:00,0,0,0
183,136,Gladstone Hospital,DEC2021,11,other surgery,0,0,0,0,0,0,2022-01-17T00:00:00,0,0,0
184,136,Gladstone Hospital,DEC2021,2,ENT surgery,0,0,0,0,0,0,2022-01-17T00:00:00,0,0,0
185,136,Gladstone Hospital,DEC2021,3,general surgery,204,99.5,54.5,181,2,98.900000000000005684341886080801486968994140625,2022-01-17T00:00:00,2,0,98.900000000000005684341886080801486968994140625
186,136,Gladstone Hospital,DEC2021,4,gynaecology,61,100,24.5,118,0,100,2022-01-17T00:00:00,0,0,100
187,136,Gladstone Hospital,DEC2021,5,neurosurgery,0,0,0,0,0,0,2022-01-17T00:00:00,0,0,0
188,136,Gladstone Hospital,DEC2021,6,ophthalmology,0,0,0,0,0,0,2022-01-17T00:00:00,0,0,0
189,136,Gladstone Hospital,DEC2021,7,orthopaedic surgery,5,100,-61.5,33,0,100,2022-01-17T00:00:00,0,0,100
190,136,Gladstone Hospital,DEC2021,8,plastic & reconstructive surgery,0,0,0,0,0,0,2022-01-17T00:00:00,0,0,0
191,136,Gladstone Hospital,DEC2021,9,urology,0,0,0,0,0,0,2022-01-17T00:00:00,0,0,0
192,136,Gladstone Hospital,DEC2021,ALL,ALL,270,99.599999999999994315658113919198513031005859375,39.2000000000000028421709430404007434844970703125,332,2,99.400000000000005684341886080801486968994140625,2022-01-17T00:00:00,2,0,99.400000000000005684341886080801486968994140625
193,936,Gold Coast University Hospital,DEC2021,1,cardio-thoracic surgery,65,83.099999999999994315658113919198513031005859375,-32.2999999999999971578290569595992565155029296875,58,5,91.400000000000005684341886080801486968994140625,2022-01-17T00:00:00,5,0,87.7999999999999971578290569595992565155029296875
194,936,Gold Coast University Hospital,DEC2021,10,vascular surgery,119,84,48.7999999999999971578290569595992565155029296875,133,8,94,2022-01-17T00:00:00,4,4,96.599999999999994315658113919198513031005859375
195,936,Gold Coast University Hospital,DEC2021,11,other surgery,4,100,-33.2999999999999971578290569595992565155029296875,0,0,0,2022-01-17T00:00:00,0,0,0
196,936,Gold Coast University Hospital,DEC2021,2,ENT surgery,149,99.2999999999999971578290569595992565155029296875,-29,543,3,99.400000000000005684341886080801486968994140625,2022-01-17T00:00:00,2,1,99.599999999999994315658113919198513031005859375
197,936,Gold Coast University Hospital,DEC2021,3,general surgery,363,98.599999999999994315658113919198513031005859375,-4.70000000000000017763568394002504646778106689453125,659,4,99.400000000000005684341886080801486968994140625,2022-01-17T00:00:00,4,0,99.2999999999999971578290569595992565155029296875
198,936,Gold Coast University Hospital,DEC2021,4,gynaecology,369,95.099999999999994315658113919198513031005859375,-10,715,2,99.7000000000000028421709430404007434844970703125,2022-01-17T00:00:00,2,0,99.7000000000000028421709430404007434844970703125
199,936,Gold Coast University Hospital,DEC2021,5,neurosurgery,80,86.2999999999999971578290569595992565155029296875,-8,202,13,93.599999999999994315658113919198513031005859375,2022-01-17T00:00:00,11,2,92.7000000000000028421709430404007434844970703125
200,936,Gold Coast University Hospital,DEC2021,6,ophthalmology,372,98.7000000000000028421709430404007434844970703125,-17.699999999999999289457264239899814128875732421875,975,9,99.099999999999994315658113919198513031005859375,2022-01-17T00:00:00,9,0,99
201,936,Gold Coast University Hospital,DEC2021,7,orthopaedic surgery,412,99.2999999999999971578290569595992565155029296875,-5.5,942,1,99.900000000000005684341886080801486968994140625,2022-01-17T00:00:00,1,0,99.900000000000005684341886080801486968994140625
202,936,Gold Coast University Hospital,DEC2021,8,plastic & reconstructive surgery,247,97.2000000000000028421709430404007434844970703125,-12.699999999999999289457264239899814128875732421875,508,37,92.7000000000000028421709430404007434844970703125,2022-01-17T00:00:00,37,0,91.099999999999994315658113919198513031005859375
203,936,Gold Coast University Hospital,DEC2021,9,urology,410,94.599999999999994315658113919198513031005859375,-2.79999999999999982236431605997495353221893310546875,322,3,99.099999999999994315658113919198513031005859375,2022-01-17T00:00:00,2,1,98.900000000000005684341886080801486968994140625
204,936,Gold Coast University Hospital,DEC2021,ALL,ALL,2590,96.099999999999994315658113919198513031005859375,-9.5,5057,85,98.2999999999999971578290569595992565155029296875,2022-01-17T00:00:00,77,8,98.2000000000000028421709430404007434844970703125
205,93,Goondiwindi Hospital,DEC2021,1,cardio-thoracic surgery,0,0,0,0,0,0,2022-01-17T00:00:00,0,0,0
206,93,Goondiwindi Hospital,DEC2021,10,vascular surgery,0,0,0,0,0,0,2022-01-17T00:00:00,0,0,0
207,93,Goondiwindi Hospital,DEC2021,11,other surgery,0,0,0,0,0,0,2022-01-17T00:00:00,0,0,0
208,93,Goondiwindi Hospital,DEC2021,2,ENT surgery,0,0,0,0,0,0,2022-01-17T00:00:00,0,0,0
209,93,Goondiwindi Hospital,DEC2021,3,general surgery,8,87.5,-46.7000000000000028421709430404007434844970703125,10,1,90,2022-01-17T00:00:00,1,0,90
210,93,Goondiwindi Hospital,DEC2021,4,gynaecology,4,75,-33.2999999999999971578290569595992565155029296875,8,0,100,2022-01-17T00:00:00,0,0,100
211,93,Goondiwindi Hospital,DEC2021,5,neurosurgery,0,0,0,0,0,0,2022-01-17T00:00:00,0,0,0
212,93,Goondiwindi Hospital,DEC2021,6,ophthalmology,0,0,0,0,0,0,2022-01-17T00:00:00,0,0,0
213,93,Goondiwindi Hospital,DEC2021,7,orthopaedic surgery,0,0,0,0,0,0,2022-01-17T00:00:00,0,0,0
214,93,Goondiwindi Hospital,DEC2021,8,plastic & reconstructive surgery,0,0,0,0,0,0,2022-01-17T00:00:00,0,0,0
215,93,Goondiwindi Hospital,DEC2021,9,urology,0,0,0,0,0,0,2022-01-17T00:00:00,0,0,0
216,93,Goondiwindi Hospital,DEC2021,ALL,ALL,12,83.2999999999999971578290569595992565155029296875,-42.89999999999999857891452847979962825775146484375,18,1,94.400000000000005684341886080801486968994140625,2022-01-17T00:00:00,1,0,94.400000000000005684341886080801486968994140625
217,68,Gympie Hospital,DEC2021,1,cardio-thoracic surgery,0,0,0,0,0,0,2022-01-17T00:00:00,0,0,0
218,68,Gympie Hospital,DEC2021,10,vascular surgery,0,0,0,0,0,0,2022-01-17T00:00:00,0,0,0
219,68,Gympie Hospital,DEC2021,11,other surgery,0,0,0,0,0,0,2022-01-17T00:00:00,0,0,0
220,68,Gympie Hospital,DEC2021,2,ENT surgery,21,100,-12.5,23,0,100,2022-01-17T00:00:00,0,0,100
221,68,Gympie Hospital,DEC2021,3,general surgery,100,75,8.7000000000000010658141036401502788066864013671875,105,15,85.7000000000000028421709430404007434844970703125,2022-01-17T00:00:00,15,0,84.7000000000000028421709430404007434844970703125
222,68,Gympie Hospital,DEC2021,4,gynaecology,62,64.5,37.80000000000000426325641456060111522674560546875,51,5,90.2000000000000028421709430404007434844970703125,2022-01-17T00:00:00,5,0,90
223,68,Gympie Hospital,DEC2021,5,neurosurgery,0,0,0,0,0,0,2022-01-17T00:00:00,0,0,0
224,68,Gympie Hospital,DEC2021,6,ophthalmology,0,0,0,0,0,0,2022-01-17T00:00:00,0,0,0
225,68,Gympie Hospital,DEC2021,7,orthopaedic surgery,9,100,-30.800000000000000710542735760100185871124267578125,17,0,100,2022-01-17T00:00:00,0,0,100
226,68,Gympie Hospital,DEC2021,8,plastic & reconstructive surgery,0,0,0,0,0,0,2022-01-17T00:00:00,0,0,0
227,68,Gympie Hospital,DEC2021,9,urology,0,0,0,0,0,0,2022-01-17T00:00:00,0,0,0
228,68,Gympie Hospital,DEC2021,ALL,ALL,192,75.5,10.300000000000000710542735760100185871124267578125,196,20,89.7999999999999971578290569595992565155029296875,2022-01-17T00:00:00,20,0,88.7999999999999971578290569595992565155029296875
229,69,Hervey Bay Hospital,DEC2021,1,cardio-thoracic surgery,0,0,0,0,0,0,2022-01-17T00:00:00,0,0,0
230,69,Hervey Bay Hospital,DEC2021,10,vascular surgery,0,0,0,0,0,0,2022-01-17T00:00:00,0,0,0
231,69,Hervey Bay Hospital,DEC2021,11,other surgery,0,0,0,0,0,0,2022-01-17T00:00:00,0,0,0
232,69,Hervey Bay Hospital,DEC2021,2,ENT surgery,0,0,0,0,0,0,2022-01-17T00:00:00,0,0,0
233,69,Hervey Bay Hospital,DEC2021,3,general surgery,226,96.900000000000005684341886080801486968994140625,9.7000000000000010658141036401502788066864013671875,363,4,98.900000000000005684341886080801486968994140625,2022-01-17T00:00:00,3,1,99
234,69,Hervey Bay Hospital,DEC2021,4,gynaecology,69,98.599999999999994315658113919198513031005859375,-2.79999999999999982236431605997495353221893310546875,96,0,100,2022-01-17T00:00:00,0,0,100
235,69,Hervey Bay Hospital,DEC2021,5,neurosurgery,0,0,0,0,0,0,2022-01-17T00:00:00,0,0,0
236,69,Hervey Bay Hospital,DEC2021,6,ophthalmology,0,0,0,1,0,100,2022-01-17T00:00:00,0,0,100
237,69,Hervey Bay Hospital,DEC2021,7,orthopaedic surgery,55,89.099999999999994315658113919198513031005859375,-3.5,381,1,99.7000000000000028421709430404007434844970703125,2022-01-17T00:00:00,0,1,100
238,69,Hervey Bay Hospital,DEC2021,8,plastic & reconstructive surgery,0,0,0,0,0,0,2022-01-17T00:00:00,0,0,0
239,69,Hervey Bay Hospital,DEC2021,9,urology,3,0,-50,5,2,60,2022-01-17T00:00:00,2,0,60
240,69,Hervey Bay Hospital,DEC2021,ALL,ALL,353,95.2000000000000028421709430404007434844970703125,3.79999999999999982236431605997495353221893310546875,846,7,99.2000000000000028421709430404007434844970703125,2022-01-17T00:00:00,5,2,99.2999999999999971578290569595992565155029296875
241,196,Ingham Hospital,DEC2021,1,cardio-thoracic surgery,0,0,0,0,0,0,2022-01-17T00:00:00,0,0,0
242,196,Ingham Hospital,DEC2021,10,vascular surgery,0,0,0,0,0,0,2022-01-17T00:00:00,0,0,0
243,196,Ingham Hospital,DEC2021,11,other surgery,0,0,0,0,0,0,2022-01-17T00:00:00,0,0,0
244,196,Ingham Hospital,DEC2021,2,ENT surgery,0,0,0,0,0,0,2022-01-17T00:00:00,0,0,0
245,196,Ingham Hospital,DEC2021,3,general surgery,2,100,0,0,0,0,2022-01-17T00:00:00,0,0,0
246,196,Ingham Hospital,DEC2021,4,gynaecology,1,100,0,0,0,0,2022-01-17T00:00:00,0,0,0
247,196,Ingham Hospital,DEC2021,5,neurosurgery,0,0,0,0,0,0,2022-01-17T00:00:00,0,0,0
248,196,Ingham Hospital,DEC2021,6,ophthalmology,0,0,0,0,0,0,2022-01-17T00:00:00,0,0,0
249,196,Ingham Hospital,DEC2021,7,orthopaedic surgery,0,0,0,0,0,0,2022-01-17T00:00:00,0,0,0
250,196,Ingham Hospital,DEC2021,8,plastic & reconstructive surgery,0,0,0,0,0,0,2022-01-17T00:00:00,0,0,0
251,196,Ingham Hospital,DEC2021,9,urology,0,0,0,0,0,0,2022-01-17T00:00:00,0,0,0
252,196,Ingham Hospital,DEC2021,ALL,ALL,3,100,0,0,0,0,2022-01-17T00:00:00,0,0,0
253,222,Innisfail Hospital,DEC2021,1,cardio-thoracic surgery,0,0,0,0,0,0,2022-01-17T00:00:00,0,0,0
254,222,Innisfail Hospital,DEC2021,10,vascular surgery,0,0,0,0,0,0,2022-01-17T00:00:00,0,0,0
255,222,Innisfail Hospital,DEC2021,11,other surgery,0,0,0,0,0,0,2022-01-17T00:00:00,0,0,0
256,222,Innisfail Hospital,DEC2021,2,ENT surgery,0,0,0,0,0,0,2022-01-17T00:00:00,0,0,0
257,222,Innisfail Hospital,DEC2021,3,general surgery,28,100,-22.199999999999999289457264239899814128875732421875,15,0,100,2022-01-17T00:00:00,0,0,100
258,222,Innisfail Hospital,DEC2021,4,gynaecology,5,80,25,6,0,100,2022-01-17T00:00:00,0,0,100
259,222,Innisfail Hospital,DEC2021,5,neurosurgery,0,0,0,0,0,0,2022-01-17T00:00:00,0,0,0
260,222,Innisfail Hospital,DEC2021,6,ophthalmology,0,0,0,0,0,0,2022-01-17T00:00:00,0,0,0
261,222,Innisfail Hospital,DEC2021,7,orthopaedic surgery,0,0,0,0,0,0,2022-01-17T00:00:00,0,0,0
262,222,Innisfail Hospital,DEC2021,8,plastic & reconstructive surgery,0,0,0,0,0,0,2022-01-17T00:00:00,0,0,0
263,222,Innisfail Hospital,DEC2021,9,urology,0,0,0,0,0,0,2022-01-17T00:00:00,0,0,0
264,222,Innisfail Hospital,DEC2021,ALL,ALL,33,97,-17.5,21,0,100,2022-01-17T00:00:00,0,0,100
265,15,Ipswich Hospital,DEC2021,1,cardio-thoracic surgery,0,0,0,0,0,0,2022-01-17T00:00:00,0,0,0
266,15,Ipswich Hospital,DEC2021,10,vascular surgery,0,0,0,0,0,0,2022-01-17T00:00:00,0,0,0
267,15,Ipswich Hospital,DEC2021,11,other surgery,1,100,0,0,0,0,2022-01-17T00:00:00,0,0,0
268,15,Ipswich Hospital,DEC2021,2,ENT surgery,71,83.099999999999994315658113919198513031005859375,-64.2999999999999971578290569595992565155029296875,474,10,97.900000000000005684341886080801486968994140625,2022-01-17T00:00:00,9,1,98.099999999999994315658113919198513031005859375
269,15,Ipswich Hospital,DEC2021,3,general surgery,147,99.2999999999999971578290569595992565155029296875,-43.5,257,0,100,2022-01-17T00:00:00,0,0,100
270,15,Ipswich Hospital,DEC2021,4,gynaecology,137,99.2999999999999971578290569595992565155029296875,-19.400000000000002131628207280300557613372802734375,166,0,100,2022-01-17T00:00:00,0,0,100
271,15,Ipswich Hospital,DEC2021,5,neurosurgery,0,0,0,0,0,0,2022-01-17T00:00:00,0,0,0
272,15,Ipswich Hospital,DEC2021,6,ophthalmology,0,0,0,0,0,0,2022-01-17T00:00:00,0,0,0
273,15,Ipswich Hospital,DEC2021,7,orthopaedic surgery,202,90.599999999999994315658113919198513031005859375,-21.39999999999999857891452847979962825775146484375,657,10,98.5,2022-01-17T00:00:00,10,0,98.2999999999999971578290569595992565155029296875
274,15,Ipswich Hospital,DEC2021,8,plastic & reconstructive surgery,22,95.5,-53.2000000000000028421709430404007434844970703125,66,0,100,2022-01-17T00:00:00,0,0,100
275,15,Ipswich Hospital,DEC2021,9,urology,94,98.900000000000005684341886080801486968994140625,-27.699999999999999289457264239899814128875732421875,76,2,97.400000000000005684341886080801486968994140625,2022-01-17T00:00:00,2,0,97.099999999999994315658113919198513031005859375
276,15,Ipswich Hospital,DEC2021,ALL,ALL,674,94.7999999999999971578290569595992565155029296875,-36.7000000000000028421709430404007434844970703125,1696,22,98.7000000000000028421709430404007434844970703125,2022-01-17T00:00:00,21,1,98.7000000000000028421709430404007434844970703125
277,70,Kingaroy Hospital,DEC2021,1,cardio-thoracic surgery,0,0,0,0,0,0,2022-01-17T00:00:00,0,0,0
278,70,Kingaroy Hospital,DEC2021,10,vascular surgery,0,0,0,0,0,0,2022-01-17T00:00:00,0,0,0
279,70,Kingaroy Hospital,DEC2021,11,other surgery,0,0,0,0,0,0,2022-01-17T00:00:00,0,0,0
280,70,Kingaroy Hospital,DEC2021,2,ENT surgery,0,0,0,0,0,0,2022-01-17T00:00:00,0,0,0
281,70,Kingaroy Hospital,DEC2021,3,general surgery,57,84.2000000000000028421709430404007434844970703125,67.599999999999994315658113919198513031005859375,78,1,98.7000000000000028421709430404007434844970703125,2022-01-17T00:00:00,1,0,98.599999999999994315658113919198513031005859375
282,70,Kingaroy Hospital,DEC2021,4,gynaecology,16,56.2999999999999971578290569595992565155029296875,45.5,33,2,93.900000000000005684341886080801486968994140625,2022-01-17T00:00:00,1,1,96.7999999999999971578290569595992565155029296875
283,70,Kingaroy Hospital,DEC2021,5,neurosurgery,0,0,0,0,0,0,2022-01-17T00:00:00,0,0,0
284,70,Kingaroy Hospital,DEC2021,6,ophthalmology,0,0,0,0,0,0,2022-01-17T00:00:00,0,0,0
285,70,Kingaroy Hospital,DEC2021,7,orthopaedic surgery,0,0,0,0,0,0,2022-01-17T00:00:00,0,0,0
286,70,Kingaroy Hospital,DEC2021,8,plastic & reconstructive surgery,0,0,0,0,0,0,2022-01-17T00:00:00,0,0,0
287,70,Kingaroy Hospital,DEC2021,9,urology,0,0,0,0,0,0,2022-01-17T00:00:00,0,0,0
288,70,Kingaroy Hospital,DEC2021,ALL,ALL,73,78.1000000000000085265128291212022304534912109375,62.2000000000000028421709430404007434844970703125,111,3,97.2999999999999971578290569595992565155029296875,2022-01-17T00:00:00,2,1,98.099999999999994315658113919198513031005859375
289,29,Logan Hospital,DEC2021,1,cardio-thoracic surgery,0,0,0,0,0,0,2022-01-17T00:00:00,0,0,0
290,29,Logan Hospital,DEC2021,10,vascular surgery,0,0,0,0,0,0,2022-01-17T00:00:00,0,0,0
291,29,Logan Hospital,DEC2021,11,other surgery,0,0,0,0,0,0,2022-01-17T00:00:00,0,0,0
292,29,Logan Hospital,DEC2021,2,ENT surgery,361,93.900000000000005684341886080801486968994140625,28.5,798,0,100,2022-01-17T00:00:00,0,0,100
293,29,Logan Hospital,DEC2021,3,general surgery,244,92.2000000000000028421709430404007434844970703125,-15.300000000000000710542735760100185871124267578125,426,0,100,2022-01-17T00:00:00,0,0,100
294,29,Logan Hospital,DEC2021,4,gynaecology,255,97.2999999999999971578290569595992565155029296875,-9.300000000000000710542735760100185871124267578125,257,0,100,2022-01-17T00:00:00,0,0,100
295,29,Logan Hospital,DEC2021,5,neurosurgery,0,0,0,0,0,0,2022-01-17T00:00:00,0,0,0
296,29,Logan Hospital,DEC2021,6,ophthalmology,0,0,0,0,0,0,2022-01-17T00:00:00,0,0,0
297,29,Logan Hospital,DEC2021,7,orthopaedic surgery,169,93.5,-15.9000000000000003552713678800500929355621337890625,531,0,100,2022-01-17T00:00:00,0,0,100
298,29,Logan Hospital,DEC2021,8,plastic & reconstructive surgery,26,80.7999999999999971578290569595992565155029296875,-3.70000000000000017763568394002504646778106689453125,113,0,100,2022-01-17T00:00:00,0,0,100
299,29,Logan Hospital,DEC2021,9,urology,0,0,0,0,0,0,2022-01-17T00:00:00,0,0,0
300,29,Logan Hospital,DEC2021,ALL,ALL,1055,93.900000000000005684341886080801486968994140625,-2.100000000000000088817841970012523233890533447265625,2125,0,100,2022-01-17T00:00:00,0,0,100
301,156,Longreach Hospital,DEC2021,1,cardio-thoracic surgery,0,0,0,0,0,0,2022-01-17T00:00:00,0,0,0
302,156,Longreach Hospital,DEC2021,10,vascular surgery,0,0,0,0,0,0,2022-01-17T00:00:00,0,0,0
303,156,Longreach Hospital,DEC2021,11,other surgery,3,100,200,2,0,100,2022-01-17T00:00:00,0,0,100
304,156,Longreach Hospital,DEC2021,2,ENT surgery,7,100,-53.2999999999999971578290569595992565155029296875,4,0,100,2022-01-17T00:00:00,0,0,100
305,156,Longreach Hospital,DEC2021,3,general surgery,15,100,50,31,1,96.7999999999999971578290569595992565155029296875,2022-01-17T00:00:00,1,0,96.599999999999994315658113919198513031005859375
306,156,Longreach Hospital,DEC2021,4,gynaecology,12,100,50,14,1,92.900000000000005684341886080801486968994140625,2022-01-17T00:00:00,1,0,92.2999999999999971578290569595992565155029296875
307,156,Longreach Hospital,DEC2021,5,neurosurgery,0,0,0,0,0,0,2022-01-17T00:00:00,0,0,0
308,156,Longreach Hospital,DEC2021,6,ophthalmology,59,100,9.300000000000000710542735760100185871124267578125,48,0,100,2022-01-17T00:00:00,0,0,100
309,156,Longreach Hospital,DEC2021,7,orthopaedic surgery,7,100,40,0,0,0,2022-01-17T00:00:00,0,0,0
310,156,Longreach Hospital,DEC2021,8,plastic & reconstructive surgery,0,0,0,0,0,0,2022-01-17T00:00:00,0,0,0
311,156,Longreach Hospital,DEC2021,9,urology,0,0,0,0,0,0,2022-01-17T00:00:00,0,0,0
312,156,Longreach Hospital,DEC2021,ALL,ALL,103,100,10.800000000000000710542735760100185871124267578125,99,2,98,2022-01-17T00:00:00,2,0,97.7999999999999971578290569595992565155029296875
313,172,Mackay Base Hospital,DEC2021,1,cardio-thoracic surgery,0,0,0,0,0,0,2022-01-17T00:00:00,0,0,0
314,172,Mackay Base Hospital,DEC2021,10,vascular surgery,0,0,0,0,0,0,2022-01-17T00:00:00,0,0,0
315,172,Mackay Base Hospital,DEC2021,11,other surgery,2,100,100,0,0,0,2022-01-17T00:00:00,0,0,0
316,172,Mackay Base Hospital,DEC2021,2,ENT surgery,15,93.2999999999999971578290569595992565155029296875,-53.10000000000000142108547152020037174224853515625,85,1,98.7999999999999971578290569595992565155029296875,2022-01-17T00:00:00,1,0,98.7999999999999971578290569595992565155029296875
317,172,Mackay Base Hospital,DEC2021,3,general surgery,258,93.400000000000005684341886080801486968994140625,-14.300000000000000710542735760100185871124267578125,321,38,88.2000000000000028421709430404007434844970703125,2022-01-17T00:00:00,36,2,87.900000000000005684341886080801486968994140625
318,172,Mackay Base Hospital,DEC2021,4,gynaecology,78,83.2999999999999971578290569595992565155029296875,-54.39999999999999857891452847979962825775146484375,198,5,97.5,2022-01-17T00:00:00,4,1,97.7999999999999971578290569595992565155029296875
319,172,Mackay Base Hospital,DEC2021,5,neurosurgery,0,0,0,0,0,0,2022-01-17T00:00:00,0,0,0
320,172,Mackay Base Hospital,DEC2021,6,ophthalmology,0,0,0,0,0,0,2022-01-17T00:00:00,0,0,0
321,172,Mackay Base Hospital,DEC2021,7,orthopaedic surgery,200,66.5,-7.79999999999999982236431605997495353221893310546875,789,66,91.599999999999994315658113919198513031005859375,2022-01-17T00:00:00,59,7,92.2999999999999971578290569595992565155029296875
322,172,Mackay Base Hospital,DEC2021,8,plastic & reconstructive surgery,0,0,0,0,0,0,2022-01-17T00:00:00,0,0,0
323,172,Mackay Base Hospital,DEC2021,9,urology,130,86.2000000000000028421709430404007434844970703125,23.800000000000000710542735760100185871124267578125,141,5,96.5,2022-01-17T00:00:00,5,0,96.2999999999999971578290569595992565155029296875
324,172,Mackay Base Hospital,DEC2021,ALL,ALL,683,83,-17.400000000000002131628207280300557613372802734375,1534,115,92.5,2022-01-17T00:00:00,105,10,92.7999999999999971578290569595992565155029296875
325,223,Mareeba Hospital,DEC2021,1,cardio-thoracic surgery,0,0,0,0,0,0,2022-01-17T00:00:00,0,0,0
326,223,Mareeba Hospital,DEC2021,10,vascular surgery,0,0,0,0,0,0,2022-01-17T00:00:00,0,0,0
327,223,Mareeba Hospital,DEC2021,11,other surgery,4,100,100,3,0,100,2022-01-17T00:00:00,0,0,100
328,223,Mareeba Hospital,DEC2021,2,ENT surgery,0,0,0,0,0,0,2022-01-17T00:00:00,0,0,0
329,223,Mareeba Hospital,DEC2021,3,general surgery,16,100,128.599999999999994315658113919198513031005859375,10,1,90,2022-01-17T00:00:00,0,1,100
330,223,Mareeba Hospital,DEC2021,4,gynaecology,0,0,-100,2,0,100,2022-01-17T00:00:00,0,0,100
331,223,Mareeba Hospital,DEC2021,5,neurosurgery,0,0,0,0,0,0,2022-01-17T00:00:00,0,0,0
332,223,Mareeba Hospital,DEC2021,6,ophthalmology,0,0,0,0,0,0,2022-01-17T00:00:00,0,0,0
333,223,Mareeba Hospital,DEC2021,7,orthopaedic surgery,0,0,0,0,0,0,2022-01-17T00:00:00,0,0,0
334,223,Mareeba Hospital,DEC2021,8,plastic & reconstructive surgery,1,100,-50,0,0,0,2022-01-17T00:00:00,0,0,0
335,223,Mareeba Hospital,DEC2021,9,urology,0,0,0,0,0,0,2022-01-17T00:00:00,0,0,0
336,223,Mareeba Hospital,DEC2021,ALL,ALL,21,100,75,15,1,93.2999999999999971578290569595992565155029296875,2022-01-17T00:00:00,0,1,100
337,71,Maryborough Hospital,DEC2021,1,cardio-thoracic surgery,0,0,0,0,0,0,2022-01-17T00:00:00,0,0,0
338,71,Maryborough Hospital,DEC2021,10,vascular surgery,0,0,0,0,0,0,2022-01-17T00:00:00,0,0,0
339,71,Maryborough Hospital,DEC2021,11,other surgery,0,0,0,0,0,0,2022-01-17T00:00:00,0,0,0
340,71,Maryborough Hospital,DEC2021,2,ENT surgery,0,0,0,0,0,0,2022-01-17T00:00:00,0,0,0
341,71,Maryborough Hospital,DEC2021,3,general surgery,81,100,26.60000000000000142108547152020037174224853515625,48,1,97.900000000000005684341886080801486968994140625,2022-01-17T00:00:00,1,0,96.7999999999999971578290569595992565155029296875
342,71,Maryborough Hospital,DEC2021,4,gynaecology,55,100,10,62,0,100,2022-01-17T00:00:00,0,0,100
343,71,Maryborough Hospital,DEC2021,5,neurosurgery,0,0,0,0,0,0,2022-01-17T00:00:00,0,0,0
344,71,Maryborough Hospital,DEC2021,6,ophthalmology,0,0,0,0,0,0,2022-01-17T00:00:00,0,0,0
345,71,Maryborough Hospital,DEC2021,7,orthopaedic surgery,73,100,-36.5,55,0,100,2022-01-17T00:00:00,0,0,100
346,71,Maryborough Hospital,DEC2021,8,plastic & reconstructive surgery,0,0,0,0,0,0,2022-01-17T00:00:00,0,0,0
347,71,Maryborough Hospital,DEC2021,9,urology,0,0,-100,0,0,0,2022-01-17T00:00:00,0,0,0
348,71,Maryborough Hospital,DEC2021,ALL,ALL,209,100,-9.0999999999999996447286321199499070644378662109375,165,1,99.400000000000005684341886080801486968994140625,2022-01-17T00:00:00,1,0,99.2000000000000028421709430404007434844970703125
349,1,Mater Hospital Brisbane Public,DEC2021,1,cardio-thoracic surgery,12,100,20,4,0,100,2022-01-17T00:00:00,0,0,100
350,1,Mater Hospital Brisbane Public,DEC2021,10,vascular surgery,47,97.900000000000005684341886080801486968994140625,-4.0999999999999996447286321199499070644378662109375,56,0,100,2022-01-17T00:00:00,0,0,100
351,1,Mater Hospital Brisbane Public,DEC2021,11,other surgery,0,0,0,0,0,0,2022-01-17T00:00:00,0,0,0
352,1,Mater Hospital Brisbane Public,DEC2021,2,ENT surgery,122,85.2000000000000028421709430404007434844970703125,-3.20000000000000017763568394002504646778106689453125,337,0,100,2022-01-17T00:00:00,0,0,100
353,1,Mater Hospital Brisbane Public,DEC2021,3,general surgery,367,87.7000000000000028421709430404007434844970703125,-8.5,448,3,99.2999999999999971578290569595992565155029296875,2022-01-17T00:00:00,3,0,99.2999999999999971578290569595992565155029296875
354,1,Mater Hospital Brisbane Public,DEC2021,4,gynaecology,150,98.7000000000000028421709430404007434844970703125,4.9000000000000003552713678800500929355621337890625,60,0,100,2022-01-17T00:00:00,0,0,100
355,1,Mater Hospital Brisbane Public,DEC2021,5,neurosurgery,145,93.7999999999999971578290569595992565155029296875,40.80000000000000426325641456060111522674560546875,77,0,100,2022-01-17T00:00:00,0,0,100
356,1,Mater Hospital Brisbane Public,DEC2021,6,ophthalmology,372,98.400000000000005684341886080801486968994140625,-10.0999999999999996447286321199499070644378662109375,677,0,100,2022-01-17T00:00:00,0,0,100
357,1,Mater Hospital Brisbane Public,DEC2021,7,orthopaedic surgery,336,94,-0.299999999999999988897769753748434595763683319091796875,593,19,96.7999999999999971578290569595992565155029296875,2022-01-17T00:00:00,19,0,96.599999999999994315658113919198513031005859375
358,1,Mater Hospital Brisbane Public,DEC2021,8,plastic & reconstructive surgery,362,96.099999999999994315658113919198513031005859375,9,544,0,100,2022-01-17T00:00:00,0,0,100
359,1,Mater Hospital Brisbane Public,DEC2021,9,urology,354,71.2000000000000028421709430404007434844970703125,-9.2000000000000010658141036401502788066864013671875,625,17,97.2999999999999971578290569595992565155029296875,2022-01-17T00:00:00,17,0,97.099999999999994315658113919198513031005859375
360,1,Mater Hospital Brisbane Public,DEC2021,ALL,ALL,2267,90.400000000000005684341886080801486968994140625,-1.600000000000000088817841970012523233890533447265625,3421,39,98.900000000000005684341886080801486968994140625,2022-01-17T00:00:00,39,0,98.7999999999999971578290569595992565155029296875
361,3,Mater Mothers' Hospital Brisbane Public,DEC2021,1,cardio-thoracic surgery,0,0,0,0,0,0,2022-01-17T00:00:00,0,0,0
362,3,Mater Mothers' Hospital Brisbane Public,DEC2021,10,vascular surgery,0,0,0,0,0,0,2022-01-17T00:00:00,0,0,0
363,3,Mater Mothers' Hospital Brisbane Public,DEC2021,11,other surgery,0,0,0,0,0,0,2022-01-17T00:00:00,0,0,0
364,3,Mater Mothers' Hospital Brisbane Public,DEC2021,2,ENT surgery,0,0,0,0,0,0,2022-01-17T00:00:00,0,0,0
365,3,Mater Mothers' Hospital Brisbane Public,DEC2021,3,general surgery,0,0,0,0,0,0,2022-01-17T00:00:00,0,0,0
366,3,Mater Mothers' Hospital Brisbane Public,DEC2021,4,gynaecology,331,96.099999999999994315658113919198513031005859375,2.20000000000000017763568394002504646778106689453125,655,0,100,2022-01-17T00:00:00,0,0,100
367,3,Mater Mothers' Hospital Brisbane Public,DEC2021,5,neurosurgery,0,0,0,0,0,0,2022-01-17T00:00:00,0,0,0
368,3,Mater Mothers' Hospital Brisbane Public,DEC2021,6,ophthalmology,0,0,0,0,0,0,2022-01-17T00:00:00,0,0,0
369,3,Mater Mothers' Hospital Brisbane Public,DEC2021,7,orthopaedic surgery,0,0,0,0,0,0,2022-01-17T00:00:00,0,0,0
370,3,Mater Mothers' Hospital Brisbane Public,DEC2021,8,plastic & reconstructive surgery,0,0,0,0,0,0,2022-01-17T00:00:00,0,0,0
371,3,Mater Mothers' Hospital Brisbane Public,DEC2021,9,urology,0,0,0,0,0,0,2022-01-17T00:00:00,0,0,0
372,3,Mater Mothers' Hospital Brisbane Public,DEC2021,ALL,ALL,331,96.099999999999994315658113919198513031005859375,2.20000000000000017763568394002504646778106689453125,655,0,100,2022-01-17T00:00:00,0,0,100
373,246,Mount Isa Base Hospital,DEC2021,1,cardio-thoracic surgery,0,0,0,0,0,0,2022-01-17T00:00:00,0,0,0
374,246,Mount Isa Base Hospital,DEC2021,10,vascular surgery,0,0,0,0,0,0,2022-01-17T00:00:00,0,0,0
375,246,Mount Isa Base Hospital,DEC2021,11,other surgery,0,0,0,0,0,0,2022-01-17T00:00:00,0,0,0
376,246,Mount Isa Base Hospital,DEC2021,2,ENT surgery,0,0,0,0,0,0,2022-01-17T00:00:00,0,0,0
377,246,Mount Isa Base Hospital,DEC2021,3,general surgery,99,98,-4.79999999999999982236431605997495353221893310546875,40,2,95,2022-01-17T00:00:00,2,0,93.2999999999999971578290569595992565155029296875
378,246,Mount Isa Base Hospital,DEC2021,4,gynaecology,33,87.900000000000005684341886080801486968994140625,3.100000000000000088817841970012523233890533447265625,16,0,100,2022-01-17T00:00:00,0,0,100
379,246,Mount Isa Base Hospital,DEC2021,5,neurosurgery,0,0,0,0,0,0,2022-01-17T00:00:00,0,0,0
380,246,Mount Isa Base Hospital,DEC2021,6,ophthalmology,19,100,-63.5,52,0,100,2022-01-17T00:00:00,0,0,100
381,246,Mount Isa Base Hospital,DEC2021,7,orthopaedic surgery,15,100,0,7,0,100,2022-01-17T00:00:00,0,0,100
382,246,Mount Isa Base Hospital,DEC2021,8,plastic & reconstructive surgery,0,0,0,0,0,0,2022-01-17T00:00:00,0,0,0
383,246,Mount Isa Base Hospital,DEC2021,9,urology,0,0,0,0,0,0,2022-01-17T00:00:00,0,0,0
384,246,Mount Isa Base Hospital,DEC2021,ALL,ALL,166,96.400000000000005684341886080801486968994140625,-11.699999999999999289457264239899814128875732421875,115,2,98.2999999999999971578290569595992565155029296875,2022-01-17T00:00:00,2,0,98.099999999999994315658113919198513031005859375
385,49,Nambour Hospital,DEC2021,1,cardio-thoracic surgery,0,0,0,0,0,0,2022-01-17T00:00:00,0,0,0
386,49,Nambour Hospital,DEC2021,10,vascular surgery,0,0,0,0,0,0,2022-01-17T00:00:00,0,0,0
387,49,Nambour Hospital,DEC2021,11,other surgery,0,0,0,0,0,0,2022-01-17T00:00:00,0,0,0
388,49,Nambour Hospital,DEC2021,2,ENT surgery,0,0,0,0,0,0,2022-01-17T00:00:00,0,0,0
389,49,Nambour Hospital,DEC2021,3,general surgery,294,49.2999999999999971578290569595992565155029296875,-0.299999999999999988897769753748434595763683319091796875,78,12,84.599999999999994315658113919198513031005859375,2022-01-17T00:00:00,7,5,88.2999999999999971578290569595992565155029296875
390,49,Nambour Hospital,DEC2021,4,gynaecology,86,79.1000000000000085265128291212022304534912109375,-40.7000000000000028421709430404007434844970703125,62,8,87.099999999999994315658113919198513031005859375,2022-01-17T00:00:00,7,1,87.2999999999999971578290569595992565155029296875
391,49,Nambour Hospital,DEC2021,5,neurosurgery,0,0,0,0,0,0,2022-01-17T00:00:00,0,0,0
392,49,Nambour Hospital,DEC2021,6,ophthalmology,40,85,-70.400000000000005684341886080801486968994140625,1,0,100,2022-01-17T00:00:00,0,0,100
393,49,Nambour Hospital,DEC2021,7,orthopaedic surgery,120,83.2999999999999971578290569595992565155029296875,-25,355,29,91.7999999999999971578290569595992565155029296875,2022-01-17T00:00:00,28,1,91.5
394,49,Nambour Hospital,DEC2021,8,plastic & reconstructive surgery,0,0,0,0,0,0,2022-01-17T00:00:00,0,0,0
395,49,Nambour Hospital,DEC2021,9,urology,51,41.2000000000000028421709430404007434844970703125,-15,0,0,0,2022-01-17T00:00:00,0,0,0
396,49,Nambour Hospital,DEC2021,ALL,ALL,591,62.2999999999999971578290569595992565155029296875,-25.699999999999999289457264239899814128875732421875,496,49,90.099999999999994315658113919198513031005859375,2022-01-17T00:00:00,42,7,90.599999999999994315658113919198513031005859375
397,11,Princess Alexandra Hospital,DEC2021,1,cardio-thoracic surgery,195,87.2000000000000028421709430404007434844970703125,-8.5,169,66,60.89999999999999857891452847979962825775146484375,2022-01-17T00:00:00,64,2,60.7000000000000028421709430404007434844970703125
398,11,Princess Alexandra Hospital,DEC2021,10,vascular surgery,174,71.7999999999999971578290569595992565155029296875,-1.6999999999999999555910790149937383830547332763671875,116,25,78.400000000000005684341886080801486968994140625,2022-01-17T00:00:00,20,5,81.1000000000000085265128291212022304534912109375
399,11,Princess Alexandra Hospital,DEC2021,11,other surgery,0,0,0,0,0,0,2022-01-17T00:00:00,0,0,0
400,11,Princess Alexandra Hospital,DEC2021,2,ENT surgery,151,94.7000000000000028421709430404007434844970703125,-13.699999999999999289457264239899814128875732421875,98,4,95.900000000000005684341886080801486968994140625,2022-01-17T00:00:00,4,0,95.5
401,11,Princess Alexandra Hospital,DEC2021,3,general surgery,654,86.2000000000000028421709430404007434844970703125,3,611,143,76.6000000000000085265128291212022304534912109375,2022-01-17T00:00:00,132,11,76.900000000000005684341886080801486968994140625
402,11,Princess Alexandra Hospital,DEC2021,4,gynaecology,1,100,0,2,0,100,2022-01-17T00:00:00,0,0,100
403,11,Princess Alexandra Hospital,DEC2021,5,neurosurgery,116,80.2000000000000028421709430404007434844970703125,-14.699999999999999289457264239899814128875732421875,148,50,66.2000000000000028421709430404007434844970703125,2022-01-17T00:00:00,44,6,67.400000000000005684341886080801486968994140625
404,11,Princess Alexandra Hospital,DEC2021,6,ophthalmology,499,90.2000000000000028421709430404007434844970703125,-17.900000000000002131628207280300557613372802734375,660,123,81.400000000000005684341886080801486968994140625,2022-01-17T00:00:00,116,7,82
405,11,Princess Alexandra Hospital,DEC2021,7,orthopaedic surgery,494,84.2000000000000028421709430404007434844970703125,-8.9000000000000003552713678800500929355621337890625,717,77,89.2999999999999971578290569595992565155029296875,2022-01-17T00:00:00,73,4,89.5
406,11,Princess Alexandra Hospital,DEC2021,8,plastic & reconstructive surgery,649,87.400000000000005684341886080801486968994140625,-0.299999999999999988897769753748434595763683319091796875,537,114,78.7999999999999971578290569595992565155029296875,2022-01-17T00:00:00,103,11,79.6000000000000085265128291212022304534912109375
407,11,Princess Alexandra Hospital,DEC2021,9,urology,519,91.2999999999999971578290569595992565155029296875,-0.200000000000000011102230246251565404236316680908203125,448,46,89.7000000000000028421709430404007434844970703125,2022-01-17T00:00:00,42,4,88.7000000000000028421709430404007434844970703125
408,11,Princess Alexandra Hospital,DEC2021,ALL,ALL,3452,87,-5.5999999999999996447286321199499070644378662109375,3506,648,81.5,2022-01-17T00:00:00,598,50,81.7999999999999971578290569595992565155029296875
409,174,Proserpine Hospital,DEC2021,1,cardio-thoracic surgery,0,0,0,0,0,0,2022-01-17T00:00:00,0,0,0
410,174,Proserpine Hospital,DEC2021,10,vascular surgery,0,0,0,0,0,0,2022-01-17T00:00:00,0,0,0
411,174,Proserpine Hospital,DEC2021,11,other surgery,0,0,0,0,0,0,2022-01-17T00:00:00,0,0,0
412,174,Proserpine Hospital,DEC2021,2,ENT surgery,0,0,0,0,0,0,2022-01-17T00:00:00,0,0,0
413,174,Proserpine Hospital,DEC2021,3,general surgery,20,95,0,22,0,100,2022-01-17T00:00:00,0,0,100
414,174,Proserpine Hospital,DEC2021,4,gynaecology,0,0,-100,2,0,100,2022-01-17T00:00:00,0,0,100
415,174,Proserpine Hospital,DEC2021,5,neurosurgery,0,0,0,0,0,0,2022-01-17T00:00:00,0,0,0
416,174,Proserpine Hospital,DEC2021,6,ophthalmology,0,0,0,0,0,0,2022-01-17T00:00:00,0,0,0
417,174,Proserpine Hospital,DEC2021,7,orthopaedic surgery,21,95.2000000000000028421709430404007434844970703125,10.5,11,1,90.900000000000005684341886080801486968994140625,2022-01-17T00:00:00,1,0,90
418,174,Proserpine Hospital,DEC2021,8,plastic & reconstructive surgery,0,0,0,0,0,0,2022-01-17T00:00:00,0,0,0
419,174,Proserpine Hospital,DEC2021,9,urology,0,0,0,0,0,0,2022-01-17T00:00:00,0,0,0
420,174,Proserpine Hospital,DEC2021,ALL,ALL,41,95.099999999999994315658113919198513031005859375,-29.300000000000000710542735760100185871124267578125,35,1,97.099999999999994315658113919198513031005859375,2022-01-17T00:00:00,1,0,96.7999999999999971578290569595992565155029296875
421,22,Queen Elizabeth II Jubilee Hospital,DEC2021,1,cardio-thoracic surgery,0,0,0,0,0,0,2022-01-17T00:00:00,0,0,0
422,22,Queen Elizabeth II Jubilee Hospital,DEC2021,10,vascular surgery,0,0,0,0,0,0,2022-01-17T00:00:00,0,0,0
423,22,Queen Elizabeth II Jubilee Hospital,DEC2021,11,other surgery,0,0,0,0,0,0,2022-01-17T00:00:00,0,0,0
424,22,Queen Elizabeth II Jubilee Hospital,DEC2021,2,ENT surgery,0,0,0,0,0,0,2022-01-17T00:00:00,0,0,0
425,22,Queen Elizabeth II Jubilee Hospital,DEC2021,3,general surgery,416,96.400000000000005684341886080801486968994140625,7.79999999999999982236431605997495353221893310546875,885,3,99.7000000000000028421709430404007434844970703125,2022-01-17T00:00:00,2,1,99.7999999999999971578290569595992565155029296875
426,22,Queen Elizabeth II Jubilee Hospital,DEC2021,4,gynaecology,248,99.599999999999994315658113919198513031005859375,8.300000000000000710542735760100185871124267578125,258,0,100,2022-01-17T00:00:00,0,0,100
427,22,Queen Elizabeth II Jubilee Hospital,DEC2021,5,neurosurgery,0,0,0,0,0,0,2022-01-17T00:00:00,0,0,0
428,22,Queen Elizabeth II Jubilee Hospital,DEC2021,6,ophthalmology,0,0,0,0,0,0,2022-01-17T00:00:00,0,0,0
429,22,Queen Elizabeth II Jubilee Hospital,DEC2021,7,orthopaedic surgery,331,96.400000000000005684341886080801486968994140625,8.199999999999999289457264239899814128875732421875,1090,1,99.900000000000005684341886080801486968994140625,2022-01-17T00:00:00,1,0,99.900000000000005684341886080801486968994140625
430,22,Queen Elizabeth II Jubilee Hospital,DEC2021,8,plastic & reconstructive surgery,0,0,0,0,0,0,2022-01-17T00:00:00,0,0,0
431,22,Queen Elizabeth II Jubilee Hospital,DEC2021,9,urology,386,89.900000000000005684341886080801486968994140625,-6.5,503,7,98.599999999999994315658113919198513031005859375,2022-01-17T00:00:00,6,1,98.599999999999994315658113919198513031005859375
432,22,Queen Elizabeth II Jubilee Hospital,DEC2021,ALL,ALL,1381,95.099999999999994315658113919198513031005859375,3.5,2736,11,99.599999999999994315658113919198513031005859375,2022-01-17T00:00:00,9,2,99.599999999999994315658113919198513031005859375
433,202,Queensland Children's Hospital,DEC2021,1,cardio-thoracic surgery,67,100,-15.199999999999999289457264239899814128875732421875,21,1,95.2000000000000028421709430404007434844970703125,2022-01-17T00:00:00,1,0,94.099999999999994315658113919198513031005859375
434,202,Queensland Children's Hospital,DEC2021,10,vascular surgery,0,0,0,0,0,0,2022-01-17T00:00:00,0,0,0
435,202,Queensland Children's Hospital,DEC2021,11,other surgery,1,100,0,0,0,0,2022-01-17T00:00:00,0,0,0
436,202,Queensland Children's Hospital,DEC2021,2,ENT surgery,496,74.400000000000005684341886080801486968994140625,-21.39999999999999857891452847979962825775146484375,1319,223,83.099999999999994315658113919198513031005859375,2022-01-17T00:00:00,191,32,85
437,202,Queensland Children's Hospital,DEC2021,3,general surgery,481,82.099999999999994315658113919198513031005859375,-21.10000000000000142108547152020037174224853515625,853,211,75.2999999999999971578290569595992565155029296875,2022-01-17T00:00:00,198,13,75.7000000000000028421709430404007434844970703125
438,202,Queensland Children's Hospital,DEC2021,4,gynaecology,0,0,0,0,0,0,2022-01-17T00:00:00,0,0,0
439,202,Queensland Children's Hospital,DEC2021,5,neurosurgery,33,100,-17.5,23,4,82.599999999999994315658113919198513031005859375,2022-01-17T00:00:00,3,1,85.7000000000000028421709430404007434844970703125
440,202,Queensland Children's Hospital,DEC2021,6,ophthalmology,161,64.599999999999994315658113919198513031005859375,-4.20000000000000017763568394002504646778106689453125,428,42,90.2000000000000028421709430404007434844970703125,2022-01-17T00:00:00,38,4,90.7999999999999971578290569595992565155029296875
441,202,Queensland Children's Hospital,DEC2021,7,orthopaedic surgery,329,70.2000000000000028421709430404007434844970703125,-10.4000000000000003552713678800500929355621337890625,896,134,85,2022-01-17T00:00:00,115,19,85
442,202,Queensland Children's Hospital,DEC2021,8,plastic & reconstructive surgery,142,78.900000000000005684341886080801486968994140625,-16,636,75,88.2000000000000028421709430404007434844970703125,2022-01-17T00:00:00,66,9,87.900000000000005684341886080801486968994140625
443,202,Queensland Children's Hospital,DEC2021,9,urology,0,0,0,0,0,0,2022-01-17T00:00:00,0,0,0
444,202,Queensland Children's Hospital,DEC2021,ALL,ALL,1710,76.7000000000000028421709430404007434844970703125,-17.199999999999999289457264239899814128875732421875,4176,690,83.5,2022-01-17T00:00:00,612,78,84.099999999999994315658113919198513031005859375
445,99999,Queensland Reporting Hospitals,DEC2021,1,cardio-thoracic surgery,666,86.599999999999994315658113919198513031005859375,-7.5,556,85,84.7000000000000028421709430404007434844970703125,2022-01-17T00:00:00,81,4,81.400000000000005684341886080801486968994140625
446,99999,Queensland Reporting Hospitals,DEC2021,10,vascular surgery,1006,85.599999999999994315658113919198513031005859375,14.300000000000000710542735760100185871124267578125,1002,97,90.2999999999999971578290569595992565155029296875,2022-01-17T00:00:00,80,17,91.2000000000000028421709430404007434844970703125
447,99999,Queensland Reporting Hospitals,DEC2021,11,other surgery,530,94.5,-13.800000000000000710542735760100185871124267578125,449,25,94.400000000000005684341886080801486968994140625,2022-01-17T00:00:00,23,2,94.5
448,99999,Queensland Reporting Hospitals,DEC2021,2,ENT surgery,2823,86.2000000000000028421709430404007434844970703125,-6,7844,654,91.7000000000000028421709430404007434844970703125,2022-01-17T00:00:00,604,50,92
449,99999,Queensland Reporting Hospitals,DEC2021,3,general surgery,8526,91.599999999999994315658113919198513031005859375,-2.70000000000000017763568394002504646778106689453125,11080,656,94.099999999999994315658113919198513031005859375,2022-01-17T00:00:00,615,41,93.900000000000005684341886080801486968994140625
450,99999,Queensland Reporting Hospitals,DEC2021,4,gynaecology,4795,93.2999999999999971578290569595992565155029296875,-9.5,6967,123,98.2000000000000028421709430404007434844970703125,2022-01-17T00:00:00,101,22,98.400000000000005684341886080801486968994140625
451,99999,Queensland Reporting Hospitals,DEC2021,5,neurosurgery,601,85.5,1.5,849,112,86.7999999999999971578290569595992565155029296875,2022-01-17T00:00:00,102,10,86.5
452,99999,Queensland Reporting Hospitals,DEC2021,6,ophthalmology,3390,92.099999999999994315658113919198513031005859375,-2.899999999999999911182158029987476766109466552734375,6015,329,94.5,2022-01-17T00:00:00,305,24,94.7000000000000028421709430404007434844970703125
453,99999,Queensland Reporting Hospitals,DEC2021,7,orthopaedic surgery,5765,89.2999999999999971578290569595992565155029296875,-5.5999999999999996447286321199499070644378662109375,14960,613,95.900000000000005684341886080801486968994140625,2022-01-17T00:00:00,542,71,96
454,99999,Queensland Reporting Hospitals,DEC2021,8,plastic & reconstructive surgery,3151,86.7999999999999971578290569595992565155029296875,0.299999999999999988897769753748434595763683319091796875,4329,531,87.7000000000000028421709430404007434844970703125,2022-01-17T00:00:00,489,42,87.5
455,99999,Queensland Reporting Hospitals,DEC2021,9,urology,3918,86.599999999999994315658113919198513031005859375,2.600000000000000088817841970012523233890533447265625,3807,275,92.7999999999999971578290569595992565155029296875,2022-01-17T00:00:00,250,25,92.2000000000000028421709430404007434844970703125
456,99999,Queensland Reporting Hospitals,DEC2021,ALL,ALL,35171,89.7999999999999971578290569595992565155029296875,-3.399999999999999911182158029987476766109466552734375,57858,3500,94,2022-01-17T00:00:00,3192,308,94
457,16,Redcliffe Hospital,DEC2021,1,cardio-thoracic surgery,0,0,0,0,0,0,2022-01-17T00:00:00,0,0,0
458,16,Redcliffe Hospital,DEC2021,10,vascular surgery,0,0,0,0,0,0,2022-01-17T00:00:00,0,0,0
459,16,Redcliffe Hospital,DEC2021,11,other surgery,3,100,0,2,0,100,2022-01-17T00:00:00,0,0,100
460,16,Redcliffe Hospital,DEC2021,2,ENT surgery,33,100,10,105,0,100,2022-01-17T00:00:00,0,0,100
461,16,Redcliffe Hospital,DEC2021,3,general surgery,280,99.2999999999999971578290569595992565155029296875,-7.5999999999999996447286321199499070644378662109375,174,0,100,2022-01-17T00:00:00,0,0,100
462,16,Redcliffe Hospital,DEC2021,4,gynaecology,247,100,8.800000000000000710542735760100185871124267578125,244,0,100,2022-01-17T00:00:00,0,0,100
463,16,Redcliffe Hospital,DEC2021,5,neurosurgery,0,0,0,0,0,0,2022-01-17T00:00:00,0,0,0
464,16,Redcliffe Hospital,DEC2021,6,ophthalmology,0,0,0,0,0,0,2022-01-17T00:00:00,0,0,0
465,16,Redcliffe Hospital,DEC2021,7,orthopaedic surgery,142,94.400000000000005684341886080801486968994140625,-39.60000000000000142108547152020037174224853515625,437,2,99.5,2022-01-17T00:00:00,1,1,99.7000000000000028421709430404007434844970703125
466,16,Redcliffe Hospital,DEC2021,8,plastic & reconstructive surgery,0,0,0,0,0,0,2022-01-17T00:00:00,0,0,0
467,16,Redcliffe Hospital,DEC2021,9,urology,332,100,6.4000000000000003552713678800500929355621337890625,238,0,100,2022-01-17T00:00:00,0,0,100
468,16,Redcliffe Hospital,DEC2021,ALL,ALL,1037,99,-6.29999999999999982236431605997495353221893310546875,1200,2,99.7999999999999971578290569595992565155029296875,2022-01-17T00:00:00,1,1,99.900000000000005684341886080801486968994140625
469,28,Redland Hospital,DEC2021,1,cardio-thoracic surgery,0,0,0,0,0,0,2022-01-17T00:00:00,0,0,0
470,28,Redland Hospital,DEC2021,10,vascular surgery,0,0,0,0,0,0,2022-01-17T00:00:00,0,0,0
471,28,Redland Hospital,DEC2021,11,other surgery,5,100,66.7000000000000028421709430404007434844970703125,0,0,0,2022-01-17T00:00:00,0,0,0
472,28,Redland Hospital,DEC2021,2,ENT surgery,0,0,0,0,0,0,2022-01-17T00:00:00,0,0,0
473,28,Redland Hospital,DEC2021,3,general surgery,267,97.7999999999999971578290569595992565155029296875,0,200,8,96,2022-01-17T00:00:00,8,0,94.900000000000005684341886080801486968994140625
474,28,Redland Hospital,DEC2021,4,gynaecology,179,91.099999999999994315658113919198513031005859375,-16.699999999999999289457264239899814128875732421875,282,17,94,2022-01-17T00:00:00,16,1,93.7999999999999971578290569595992565155029296875
475,28,Redland Hospital,DEC2021,5,neurosurgery,0,0,0,0,0,0,2022-01-17T00:00:00,0,0,0
476,28,Redland Hospital,DEC2021,6,ophthalmology,113,92,0.90000000000000002220446049250313080847263336181640625,203,10,95.099999999999994315658113919198513031005859375,2022-01-17T00:00:00,9,1,95.2999999999999971578290569595992565155029296875
477,28,Redland Hospital,DEC2021,7,orthopaedic surgery,32,96.900000000000005684341886080801486968994140625,-50.7999999999999971578290569595992565155029296875,51,4,92.2000000000000028421709430404007434844970703125,2022-01-17T00:00:00,3,1,92.099999999999994315658113919198513031005859375
478,28,Redland Hospital,DEC2021,8,plastic & reconstructive surgery,98,48,-7.5,86,23,73.2999999999999971578290569595992565155029296875,2022-01-17T00:00:00,18,5,73.900000000000005684341886080801486968994140625
479,28,Redland Hospital,DEC2021,9,urology,0,0,0,0,0,0,2022-01-17T00:00:00,0,0,0
480,28,Redland Hospital,DEC2021,ALL,ALL,694,88,-9.5999999999999996447286321199499070644378662109375,822,62,92.5,2022-01-17T00:00:00,54,8,92.5
481,934,Robina Hospital,DEC2021,1,cardio-thoracic surgery,0,0,0,0,0,0,2022-01-17T00:00:00,0,0,0
482,934,Robina Hospital,DEC2021,10,vascular surgery,0,0,0,0,0,0,2022-01-17T00:00:00,0,0,0
483,934,Robina Hospital,DEC2021,11,other surgery,0,0,0,0,0,0,2022-01-17T00:00:00,0,0,0
484,934,Robina Hospital,DEC2021,2,ENT surgery,0,0,0,0,0,0,2022-01-17T00:00:00,0,0,0
485,934,Robina Hospital,DEC2021,3,general surgery,366,99.7000000000000028421709430404007434844970703125,-6.4000000000000003552713678800500929355621337890625,566,1,99.7999999999999971578290569595992565155029296875,2022-01-17T00:00:00,1,0,99.7999999999999971578290569595992565155029296875
486,934,Robina Hospital,DEC2021,4,gynaecology,323,99.400000000000005684341886080801486968994140625,-20.199999999999999289457264239899814128875732421875,532,4,99.2000000000000028421709430404007434844970703125,2022-01-17T00:00:00,4,0,99.2000000000000028421709430404007434844970703125
487,934,Robina Hospital,DEC2021,5,neurosurgery,0,0,0,0,0,0,2022-01-17T00:00:00,0,0,0
488,934,Robina Hospital,DEC2021,6,ophthalmology,168,100,1.1999999999999999555910790149937383830547332763671875,35,2,94.2999999999999971578290569595992565155029296875,2022-01-17T00:00:00,1,1,96.599999999999994315658113919198513031005859375
489,934,Robina Hospital,DEC2021,7,orthopaedic surgery,422,98.7999999999999971578290569595992565155029296875,0.5,1027,2,99.7999999999999971578290569595992565155029296875,2022-01-17T00:00:00,2,0,99.7999999999999971578290569595992565155029296875
490,934,Robina Hospital,DEC2021,8,plastic & reconstructive surgery,70,98.599999999999994315658113919198513031005859375,-50.39999999999999857891452847979962825775146484375,19,3,84.2000000000000028421709430404007434844970703125,2022-01-17T00:00:00,3,0,76.900000000000005684341886080801486968994140625
491,934,Robina Hospital,DEC2021,9,urology,0,0,0,0,0,0,2022-01-17T00:00:00,0,0,0
492,934,Robina Hospital,DEC2021,ALL,ALL,1349,99.2999999999999971578290569595992565155029296875,-11.4000000000000003552713678800500929355621337890625,2179,12,99.400000000000005684341886080801486968994140625,2022-01-17T00:00:00,11,1,99.400000000000005684341886080801486968994140625
493,141,Rockhampton Hospital,DEC2021,1,cardio-thoracic surgery,0,0,0,0,0,0,2022-01-17T00:00:00,0,0,0
494,141,Rockhampton Hospital,DEC2021,10,vascular surgery,0,0,0,0,0,0,2022-01-17T00:00:00,0,0,0
495,141,Rockhampton Hospital,DEC2021,11,other surgery,0,0,0,0,0,0,2022-01-17T00:00:00,0,0,0
496,141,Rockhampton Hospital,DEC2021,2,ENT surgery,96,96.900000000000005684341886080801486968994140625,-29.39999999999999857891452847979962825775146484375,224,1,99.599999999999994315658113919198513031005859375,2022-01-17T00:00:00,0,1,100
497,141,Rockhampton Hospital,DEC2021,3,general surgery,256,91.400000000000005684341886080801486968994140625,-5.9000000000000003552713678800500929355621337890625,323,4,98.7999999999999971578290569595992565155029296875,2022-01-17T00:00:00,3,1,99
498,141,Rockhampton Hospital,DEC2021,4,gynaecology,130,90,-13.9000000000000003552713678800500929355621337890625,292,1,99.7000000000000028421709430404007434844970703125,2022-01-17T00:00:00,0,1,100
499,141,Rockhampton Hospital,DEC2021,5,neurosurgery,0,0,0,0,0,0,2022-01-17T00:00:00,0,0,0
500,141,Rockhampton Hospital,DEC2021,6,ophthalmology,107,90.7000000000000028421709430404007434844970703125,69.7999999999999971578290569595992565155029296875,200,0,100,2022-01-17T00:00:00,0,0,100
501,141,Rockhampton Hospital,DEC2021,7,orthopaedic surgery,214,86.400000000000005684341886080801486968994140625,15.0999999999999996447286321199499070644378662109375,680,5,99.2999999999999971578290569595992565155029296875,2022-01-17T00:00:00,3,2,99.5
502,141,Rockhampton Hospital,DEC2021,8,plastic & reconstructive surgery,0,0,0,0,0,0,2022-01-17T00:00:00,0,0,0
503,141,Rockhampton Hospital,DEC2021,9,urology,145,81.400000000000005684341886080801486968994140625,0,78,3,96.2000000000000028421709430404007434844970703125,2022-01-17T00:00:00,0,3,100
504,141,Rockhampton Hospital,DEC2021,ALL,ALL,948,89,-0.5,1797,14,99.2000000000000028421709430404007434844970703125,2022-01-17T00:00:00,6,8,99.7000000000000028421709430404007434844970703125
505,119,Roma Hospital,DEC2021,1,cardio-thoracic surgery,0,0,0,0,0,0,2022-01-17T00:00:00,0,0,0
506,119,Roma Hospital,DEC2021,10,vascular surgery,0,0,0,0,0,0,2022-01-17T00:00:00,0,0,0
507,119,Roma Hospital,DEC2021,11,other surgery,1,100,0,0,0,0,2022-01-17T00:00:00,0,0,0
508,119,Roma Hospital,DEC2021,2,ENT surgery,0,0,0,1,0,100,2022-01-17T00:00:00,0,0,100
509,119,Roma Hospital,DEC2021,3,general surgery,37,100,-7.5,76,1,98.7000000000000028421709430404007434844970703125,2022-01-17T00:00:00,1,0,98.599999999999994315658113919198513031005859375
510,119,Roma Hospital,DEC2021,4,gynaecology,18,100,0,25,1,96,2022-01-17T00:00:00,0,1,100
511,119,Roma Hospital,DEC2021,5,neurosurgery,0,0,0,0,0,0,2022-01-17T00:00:00,0,0,0
512,119,Roma Hospital,DEC2021,6,ophthalmology,147,100,-2,228,0,100,2022-01-17T00:00:00,0,0,100
513,119,Roma Hospital,DEC2021,7,orthopaedic surgery,11,100,37.5,33,0,100,2022-01-17T00:00:00,0,0,100
514,119,Roma Hospital,DEC2021,8,plastic & reconstructive surgery,0,0,0,0,0,0,2022-01-17T00:00:00,0,0,0
515,119,Roma Hospital,DEC2021,9,urology,22,100,29.39999999999999857891452847979962825775146484375,6,0,100,2022-01-17T00:00:00,0,0,100
516,119,Roma Hospital,DEC2021,ALL,ALL,236,100,1.3000000000000000444089209850062616169452667236328125,369,2,99.5,2022-01-17T00:00:00,1,1,99.7000000000000028421709430404007434844970703125
517,201,Royal Brisbane & Women's Hospital,DEC2021,1,cardio-thoracic surgery,12,100,-7.70000000000000017763568394002504646778106689453125,7,0,100,2022-01-17T00:00:00,0,0,100
518,201,Royal Brisbane & Women's Hospital,DEC2021,10,vascular surgery,157,89.2000000000000028421709430404007434844970703125,9.800000000000000710542735760100185871124267578125,229,1,99.599999999999994315658113919198513031005859375,2022-01-17T00:00:00,1,0,99.5
519,201,Royal Brisbane & Women's Hospital,DEC2021,11,other surgery,194,99,-31.699999999999999289457264239899814128875732421875,95,0,100,2022-01-17T00:00:00,0,0,100
520,201,Royal Brisbane & Women's Hospital,DEC2021,2,ENT surgery,203,95.599999999999994315658113919198513031005859375,-29,500,3,99.400000000000005684341886080801486968994140625,2022-01-17T00:00:00,3,0,99.400000000000005684341886080801486968994140625
521,201,Royal Brisbane & Women's Hospital,DEC2021,3,general surgery,393,93.599999999999994315658113919198513031005859375,-28.39999999999999857891452847979962825775146484375,463,24,94.7999999999999971578290569595992565155029296875,2022-01-17T00:00:00,24,0,94.400000000000005684341886080801486968994140625
522,201,Royal Brisbane & Women's Hospital,DEC2021,4,gynaecology,492,94.099999999999994315658113919198513031005859375,-18.400000000000002131628207280300557613372802734375,617,3,99.5,2022-01-17T00:00:00,3,0,99.5
523,201,Royal Brisbane & Women's Hospital,DEC2021,5,neurosurgery,141,82.2999999999999971578290569595992565155029296875,-2.79999999999999982236431605997495353221893310546875,284,26,90.7999999999999971578290569595992565155029296875,2022-01-17T00:00:00,25,1,90.7999999999999971578290569595992565155029296875
524,201,Royal Brisbane & Women's Hospital,DEC2021,6,ophthalmology,209,95.2000000000000028421709430404007434844970703125,-45.39999999999999857891452847979962825775146484375,198,1,99.5,2022-01-17T00:00:00,1,0,99.5
525,201,Royal Brisbane & Women's Hospital,DEC2021,7,orthopaedic surgery,244,88.900000000000005684341886080801486968994140625,-22.5,565,30,94.7000000000000028421709430404007434844970703125,2022-01-17T00:00:00,30,0,94.400000000000005684341886080801486968994140625
526,201,Royal Brisbane & Women's Hospital,DEC2021,8,plastic & reconstructive surgery,624,94.7000000000000028421709430404007434844970703125,-13.199999999999999289457264239899814128875732421875,606,23,96.2000000000000028421709430404007434844970703125,2022-01-17T00:00:00,17,6,96.7999999999999971578290569595992565155029296875
527,201,Royal Brisbane & Women's Hospital,DEC2021,9,urology,180,98.900000000000005684341886080801486968994140625,-41.60000000000000142108547152020037174224853515625,115,0,100,2022-01-17T00:00:00,0,0,100
528,201,Royal Brisbane & Women's Hospital,DEC2021,ALL,ALL,2849,93.7000000000000028421709430404007434844970703125,-24,3679,111,97,2022-01-17T00:00:00,104,7,97
529,120,St George Hospital,DEC2021,1,cardio-thoracic surgery,0,0,0,0,0,0,2022-01-17T00:00:00,0,0,0
530,120,St George Hospital,DEC2021,10,vascular surgery,0,0,0,0,0,0,2022-01-17T00:00:00,0,0,0
531,120,St George Hospital,DEC2021,11,other surgery,0,0,0,0,0,0,2022-01-17T00:00:00,0,0,0
532,120,St George Hospital,DEC2021,2,ENT surgery,0,0,0,0,0,0,2022-01-17T00:00:00,0,0,0
533,120,St George Hospital,DEC2021,3,general surgery,4,100,33.2999999999999971578290569595992565155029296875,9,0,100,2022-01-17T00:00:00,0,0,100
534,120,St George Hospital,DEC2021,4,gynaecology,3,100,200,3,0,100,2022-01-17T00:00:00,0,0,100
535,120,St George Hospital,DEC2021,5,neurosurgery,0,0,0,0,0,0,2022-01-17T00:00:00,0,0,0
536,120,St George Hospital,DEC2021,6,ophthalmology,0,0,0,0,0,0,2022-01-17T00:00:00,0,0,0
537,120,St George Hospital,DEC2021,7,orthopaedic surgery,0,0,0,0,0,0,2022-01-17T00:00:00,0,0,0
538,120,St George Hospital,DEC2021,8,plastic & reconstructive surgery,0,0,0,0,0,0,2022-01-17T00:00:00,0,0,0
539,120,St George Hospital,DEC2021,9,urology,0,0,0,0,0,0,2022-01-17T00:00:00,0,0,0
540,120,St George Hospital,DEC2021,ALL,ALL,7,100,75,12,0,100,2022-01-17T00:00:00,0,0,100
541,100,Stanthorpe Hospital,DEC2021,1,cardio-thoracic surgery,0,0,0,0,0,0,2022-01-17T00:00:00,0,0,0
542,100,Stanthorpe Hospital,DEC2021,10,vascular surgery,0,0,0,0,0,0,2022-01-17T00:00:00,0,0,0
543,100,Stanthorpe Hospital,DEC2021,11,other surgery,0,0,0,0,0,0,2022-01-17T00:00:00,0,0,0
544,100,Stanthorpe Hospital,DEC2021,2,ENT surgery,0,0,0,0,0,0,2022-01-17T00:00:00,0,0,0
545,100,Stanthorpe Hospital,DEC2021,3,general surgery,35,94.2999999999999971578290569595992565155029296875,9.4000000000000003552713678800500929355621337890625,8,0,100,2022-01-17T00:00:00,0,0,100
546,100,Stanthorpe Hospital,DEC2021,4,gynaecology,7,100,40,6,0,100,2022-01-17T00:00:00,0,0,100
547,100,Stanthorpe Hospital,DEC2021,5,neurosurgery,0,0,0,0,0,0,2022-01-17T00:00:00,0,0,0
548,100,Stanthorpe Hospital,DEC2021,6,ophthalmology,0,0,0,0,0,0,2022-01-17T00:00:00,0,0,0
549,100,Stanthorpe Hospital,DEC2021,7,orthopaedic surgery,0,0,0,0,0,0,2022-01-17T00:00:00,0,0,0
550,100,Stanthorpe Hospital,DEC2021,8,plastic & reconstructive surgery,0,0,0,0,0,0,2022-01-17T00:00:00,0,0,0
551,100,Stanthorpe Hospital,DEC2021,9,urology,0,0,0,0,0,0,2022-01-17T00:00:00,0,0,0
552,100,Stanthorpe Hospital,DEC2021,ALL,ALL,42,95.2000000000000028421709430404007434844970703125,13.5,14,0,100,2022-01-17T00:00:00,0,0,100
553,32,Sunshine Coast University Hospital,DEC2021,1,cardio-thoracic surgery,0,0,0,0,0,0,2022-01-17T00:00:00,0,0,0
554,32,Sunshine Coast University Hospital,DEC2021,10,vascular surgery,93,58.10000000000000142108547152020037174224853515625,2.20000000000000017763568394002504646778106689453125,155,54,65.2000000000000028421709430404007434844970703125,2022-01-17T00:00:00,48,6,66.7000000000000028421709430404007434844970703125
555,32,Sunshine Coast University Hospital,DEC2021,11,other surgery,0,0,0,0,0,0,2022-01-17T00:00:00,0,0,0
556,32,Sunshine Coast University Hospital,DEC2021,2,ENT surgery,219,58.89999999999999857891452847979962825775146484375,-29.39999999999999857891452847979962825775146484375,959,331,65.5,2022-01-17T00:00:00,320,11,65.400000000000005684341886080801486968994140625
557,32,Sunshine Coast University Hospital,DEC2021,3,general surgery,305,73.7999999999999971578290569595992565155029296875,-19.900000000000002131628207280300557613372802734375,1032,120,88.400000000000005684341886080801486968994140625,2022-01-17T00:00:00,116,4,88.099999999999994315658113919198513031005859375
558,32,Sunshine Coast University Hospital,DEC2021,4,gynaecology,261,79.2999999999999971578290569595992565155029296875,0.8000000000000000444089209850062616169452667236328125,373,24,93.599999999999994315658113919198513031005859375,2022-01-17T00:00:00,22,2,93.7999999999999971578290569595992565155029296875
559,32,Sunshine Coast University Hospital,DEC2021,5,neurosurgery,0,0,0,0,0,0,2022-01-17T00:00:00,0,0,0
560,32,Sunshine Coast University Hospital,DEC2021,6,ophthalmology,120,60,64.400000000000005684341886080801486968994140625,167,43,74.2999999999999971578290569595992565155029296875,2022-01-17T00:00:00,41,2,74.5
561,32,Sunshine Coast University Hospital,DEC2021,7,orthopaedic surgery,179,63.10000000000000142108547152020037174224853515625,14,562,115,79.5,2022-01-17T00:00:00,98,17,80.900000000000005684341886080801486968994140625
562,32,Sunshine Coast University Hospital,DEC2021,8,plastic & reconstructive surgery,235,62.60000000000000142108547152020037174224853515625,-17.300000000000000710542735760100185871124267578125,363,163,55.10000000000000142108547152020037174224853515625,2022-01-17T00:00:00,162,1,54.89999999999999857891452847979962825775146484375
563,32,Sunshine Coast University Hospital,DEC2021,9,urology,231,48.89999999999999857891452847979962825775146484375,23.5,327,81,75.2000000000000028421709430404007434844970703125,2022-01-17T00:00:00,79,2,70.7999999999999971578290569595992565155029296875
564,32,Sunshine Coast University Hospital,DEC2021,ALL,ALL,1643,64.5,-5.70000000000000017763568394002504646778106689453125,3938,931,76.400000000000005684341886080801486968994140625,2022-01-17T00:00:00,886,45,76.1000000000000085265128291212022304534912109375
565,33,Surgical Treatment And Rehabilitation Service,DEC2021,1,cardio-thoracic surgery,0,0,0,0,0,0,2022-01-17T00:00:00,0,0,0
566,33,Surgical Treatment And Rehabilitation Service,DEC2021,10,vascular surgery,0,0,0,0,0,0,2022-01-17T00:00:00,0,0,0
567,33,Surgical Treatment And Rehabilitation Service,DEC2021,11,other surgery,0,0,0,0,0,0,2022-01-17T00:00:00,0,0,0
568,33,Surgical Treatment And Rehabilitation Service,DEC2021,2,ENT surgery,195,99.5,0,481,10,97.900000000000005684341886080801486968994140625,2022-01-17T00:00:00,10,0,97.900000000000005684341886080801486968994140625
569,33,Surgical Treatment And Rehabilitation Service,DEC2021,3,general surgery,365,98.400000000000005684341886080801486968994140625,0,332,19,94.2999999999999971578290569595992565155029296875,2022-01-17T00:00:00,19,0,93.900000000000005684341886080801486968994140625
570,33,Surgical Treatment And Rehabilitation Service,DEC2021,4,gynaecology,166,99.400000000000005684341886080801486968994140625,0,162,1,99.400000000000005684341886080801486968994140625,2022-01-17T00:00:00,1,0,99.2999999999999971578290569595992565155029296875
571,33,Surgical Treatment And Rehabilitation Service,DEC2021,5,neurosurgery,0,0,0,0,0,0,2022-01-17T00:00:00,0,0,0
572,33,Surgical Treatment And Rehabilitation Service,DEC2021,6,ophthalmology,646,97.5,0,1029,27,97.400000000000005684341886080801486968994140625,2022-01-17T00:00:00,26,1,97.400000000000005684341886080801486968994140625
573,33,Surgical Treatment And Rehabilitation Service,DEC2021,7,orthopaedic surgery,351,96.900000000000005684341886080801486968994140625,0,360,8,97.7999999999999971578290569595992565155029296875,2022-01-17T00:00:00,8,0,97.5
574,33,Surgical Treatment And Rehabilitation Service,DEC2021,8,plastic & reconstructive surgery,232,95.7000000000000028421709430404007434844970703125,0,368,22,94,2022-01-17T00:00:00,22,0,93.7000000000000028421709430404007434844970703125
575,33,Surgical Treatment And Rehabilitation Service,DEC2021,9,urology,309,97.099999999999994315658113919198513031005859375,0,159,1,99.400000000000005684341886080801486968994140625,2022-01-17T00:00:00,1,0,99.099999999999994315658113919198513031005859375
576,33,Surgical Treatment And Rehabilitation Service,DEC2021,ALL,ALL,2264,97.599999999999994315658113919198513031005859375,0,2891,88,97,2022-01-17T00:00:00,87,1,96.7999999999999971578290569595992565155029296875
577,4,The Prince Charles Hospital,DEC2021,1,cardio-thoracic surgery,210,83.2999999999999971578290569595992565155029296875,11.0999999999999996447286321199499070644378662109375,274,11,96,2022-01-17T00:00:00,10,1,94.7999999999999971578290569595992565155029296875
578,4,The Prince Charles Hospital,DEC2021,10,vascular surgery,96,91.7000000000000028421709430404007434844970703125,18.5,73,2,97.2999999999999971578290569595992565155029296875,2022-01-17T00:00:00,2,0,96.400000000000005684341886080801486968994140625
579,4,The Prince Charles Hospital,DEC2021,11,other surgery,0,0,0,0,0,0,2022-01-17T00:00:00,0,0,0
580,4,The Prince Charles Hospital,DEC2021,2,ENT surgery,0,0,0,0,0,0,2022-01-17T00:00:00,0,0,0
581,4,The Prince Charles Hospital,DEC2021,3,general surgery,364,98.599999999999994315658113919198513031005859375,9.5999999999999996447286321199499070644378662109375,311,1,99.7000000000000028421709430404007434844970703125,2022-01-17T00:00:00,1,0,99.599999999999994315658113919198513031005859375
582,4,The Prince Charles Hospital,DEC2021,4,gynaecology,0,0,0,0,0,0,2022-01-17T00:00:00,0,0,0
583,4,The Prince Charles Hospital,DEC2021,5,neurosurgery,0,0,0,0,0,0,2022-01-17T00:00:00,0,0,0
584,4,The Prince Charles Hospital,DEC2021,6,ophthalmology,0,0,0,0,0,0,2022-01-17T00:00:00,0,0,0
585,4,The Prince Charles Hospital,DEC2021,7,orthopaedic surgery,407,100,-18.800000000000000710542735760100185871124267578125,973,1,99.900000000000005684341886080801486968994140625,2022-01-17T00:00:00,1,0,99.900000000000005684341886080801486968994140625
586,4,The Prince Charles Hospital,DEC2021,8,plastic & reconstructive surgery,0,0,-100,0,0,0,2022-01-17T00:00:00,0,0,0
587,4,The Prince Charles Hospital,DEC2021,9,urology,149,100,-16.300000000000000710542735760100185871124267578125,82,0,100,2022-01-17T00:00:00,0,0,100
588,4,The Prince Charles Hospital,DEC2021,ALL,ALL,1226,96.099999999999994315658113919198513031005859375,-4.4000000000000003552713678800500929355621337890625,1713,15,99.099999999999994315658113919198513031005859375,2022-01-17T00:00:00,14,1,99
589,226,Thursday Island Hospital,DEC2021,1,cardio-thoracic surgery,0,0,0,0,0,0,2022-01-17T00:00:00,0,0,0
590,226,Thursday Island Hospital,DEC2021,10,vascular surgery,0,0,0,0,0,0,2022-01-17T00:00:00,0,0,0
591,226,Thursday Island Hospital,DEC2021,11,other surgery,0,0,-100,0,0,0,2022-01-17T00:00:00,0,0,0
592,226,Thursday Island Hospital,DEC2021,2,ENT surgery,0,0,0,0,0,0,2022-01-17T00:00:00,0,0,0
593,226,Thursday Island Hospital,DEC2021,3,general surgery,9,100,-40,7,2,71.400000000000005684341886080801486968994140625,2022-01-17T00:00:00,2,0,71.400000000000005684341886080801486968994140625
594,226,Thursday Island Hospital,DEC2021,4,gynaecology,5,100,0,1,0,100,2022-01-17T00:00:00,0,0,100
595,226,Thursday Island Hospital,DEC2021,5,neurosurgery,0,0,0,0,0,0,2022-01-17T00:00:00,0,0,0
596,226,Thursday Island Hospital,DEC2021,6,ophthalmology,0,0,-100,0,0,0,2022-01-17T00:00:00,0,0,0
597,226,Thursday Island Hospital,DEC2021,7,orthopaedic surgery,0,0,0,0,0,0,2022-01-17T00:00:00,0,0,0
598,226,Thursday Island Hospital,DEC2021,8,plastic & reconstructive surgery,0,0,0,0,0,0,2022-01-17T00:00:00,0,0,0
599,226,Thursday Island Hospital,DEC2021,9,urology,0,0,0,0,0,0,2022-01-17T00:00:00,0,0,0
600,226,Thursday Island Hospital,DEC2021,ALL,ALL,14,100,-56.2999999999999971578290569595992565155029296875,8,2,75,2022-01-17T00:00:00,2,0,75
601,104,Toowoomba Hospital,DEC2021,1,cardio-thoracic surgery,0,0,0,0,0,0,2022-01-17T00:00:00,0,0,0
602,104,Toowoomba Hospital,DEC2021,10,vascular surgery,47,100,17.5,4,0,100,2022-01-17T00:00:00,0,0,100
603,104,Toowoomba Hospital,DEC2021,11,other surgery,0,0,0,0,0,0,2022-01-17T00:00:00,0,0,0
604,104,Toowoomba Hospital,DEC2021,2,ENT surgery,261,88.5,8.800000000000000710542735760100185871124267578125,585,15,97.400000000000005684341886080801486968994140625,2022-01-17T00:00:00,14,1,97.5
605,104,Toowoomba Hospital,DEC2021,3,general surgery,295,97.2999999999999971578290569595992565155029296875,-5.4000000000000003552713678800500929355621337890625,470,16,96.599999999999994315658113919198513031005859375,2022-01-17T00:00:00,16,0,96.400000000000005684341886080801486968994140625
606,104,Toowoomba Hospital,DEC2021,4,gynaecology,114,92.099999999999994315658113919198513031005859375,-48.39999999999999857891452847979962825775146484375,322,3,99.099999999999994315658113919198513031005859375,2022-01-17T00:00:00,2,1,99.400000000000005684341886080801486968994140625
607,104,Toowoomba Hospital,DEC2021,5,neurosurgery,0,0,0,0,0,0,2022-01-17T00:00:00,0,0,0
608,104,Toowoomba Hospital,DEC2021,6,ophthalmology,0,0,0,38,0,100,2022-01-17T00:00:00,0,0,100
609,104,Toowoomba Hospital,DEC2021,7,orthopaedic surgery,273,81.2999999999999971578290569595992565155029296875,-28.300000000000000710542735760100185871124267578125,853,20,97.7000000000000028421709430404007434844970703125,2022-01-17T00:00:00,18,2,97.7999999999999971578290569595992565155029296875
610,104,Toowoomba Hospital,DEC2021,8,plastic & reconstructive surgery,24,91.7000000000000028421709430404007434844970703125,-7.70000000000000017763568394002504646778106689453125,59,1,98.2999999999999971578290569595992565155029296875,2022-01-17T00:00:00,1,0,98.2000000000000028421709430404007434844970703125
611,104,Toowoomba Hospital,DEC2021,9,urology,228,93.900000000000005684341886080801486968994140625,-15.5999999999999996447286321199499070644378662109375,243,15,93.7999999999999971578290569595992565155029296875,2022-01-17T00:00:00,15,0,93.599999999999994315658113919198513031005859375
612,104,Toowoomba Hospital,DEC2021,ALL,ALL,1242,90.7999999999999971578290569595992565155029296875,-16.60000000000000142108547152020037174224853515625,2574,70,97.2999999999999971578290569595992565155029296875,2022-01-17T00:00:00,66,4,97.2999999999999971578290569595992565155029296875
613,200,Townsville University Hospital,DEC2021,1,cardio-thoracic surgery,105,82.900000000000005684341886080801486968994140625,-12.5,23,2,91.2999999999999971578290569595992565155029296875,2022-01-17T00:00:00,1,1,92.900000000000005684341886080801486968994140625
614,200,Townsville University Hospital,DEC2021,10,vascular surgery,113,92,21.5,101,4,96,2022-01-17T00:00:00,4,0,96
615,200,Townsville University Hospital,DEC2021,11,other surgery,282,90.7999999999999971578290569595992565155029296875,1.399999999999999911182158029987476766109466552734375,294,17,94.2000000000000028421709430404007434844970703125,2022-01-17T00:00:00,17,0,93.900000000000005684341886080801486968994140625
616,200,Townsville University Hospital,DEC2021,2,ENT surgery,187,65.2000000000000028421709430404007434844970703125,0,587,52,91.099999999999994315658113919198513031005859375,2022-01-17T00:00:00,49,3,91.400000000000005684341886080801486968994140625
617,200,Townsville University Hospital,DEC2021,3,general surgery,379,82.099999999999994315658113919198513031005859375,15.9000000000000003552713678800500929355621337890625,413,9,97.7999999999999971578290569595992565155029296875,2022-01-17T00:00:00,9,0,97.7000000000000028421709430404007434844970703125
618,200,Townsville University Hospital,DEC2021,4,gynaecology,213,79.2999999999999971578290569595992565155029296875,-20.199999999999999289457264239899814128875732421875,454,15,96.7000000000000028421709430404007434844970703125,2022-01-17T00:00:00,12,3,97.099999999999994315658113919198513031005859375
619,200,Townsville University Hospital,DEC2021,5,neurosurgery,86,77.900000000000005684341886080801486968994140625,6.20000000000000017763568394002504646778106689453125,115,19,83.5,2022-01-17T00:00:00,19,0,82.599999999999994315658113919198513031005859375
620,200,Townsville University Hospital,DEC2021,6,ophthalmology,225,82.7000000000000028421709430404007434844970703125,-29.699999999999999289457264239899814128875732421875,417,19,95.400000000000005684341886080801486968994140625,2022-01-17T00:00:00,17,2,95.7999999999999971578290569595992565155029296875
621,200,Townsville University Hospital,DEC2021,7,orthopaedic surgery,311,78.1000000000000085265128291212022304534912109375,-10.4000000000000003552713678800500929355621337890625,904,44,95.099999999999994315658113919198513031005859375,2022-01-17T00:00:00,37,7,95.7999999999999971578290569595992565155029296875
622,200,Townsville University Hospital,DEC2021,8,plastic & reconstructive surgery,116,75,-5.70000000000000017763568394002504646778106689453125,159,29,81.7999999999999971578290569595992565155029296875,2022-01-17T00:00:00,29,0,80.1000000000000085265128291212022304534912109375
623,200,Townsville University Hospital,DEC2021,9,urology,184,70.1000000000000085265128291212022304534912109375,1.100000000000000088817841970012523233890533447265625,136,2,98.5,2022-01-17T00:00:00,2,0,97.900000000000005684341886080801486968994140625
624,200,Townsville University Hospital,DEC2021,ALL,ALL,2201,80,-5.29999999999999982236431605997495353221893310546875,3603,212,94.099999999999994315658113919198513031005859375,2022-01-17T00:00:00,196,16,94.2000000000000028421709430404007434844970703125
625,105,Warwick Hospital,DEC2021,1,cardio-thoracic surgery,0,0,0,0,0,0,2022-01-17T00:00:00,0,0,0
626,105,Warwick Hospital,DEC2021,10,vascular surgery,0,0,0,0,0,0,2022-01-17T00:00:00,0,0,0
627,105,Warwick Hospital,DEC2021,11,other surgery,0,0,0,0,0,0,2022-01-17T00:00:00,0,0,0
628,105,Warwick Hospital,DEC2021,2,ENT surgery,0,0,0,0,0,0,2022-01-17T00:00:00,0,0,0
629,105,Warwick Hospital,DEC2021,3,general surgery,43,100,7.5,22,0,100,2022-01-17T00:00:00,0,0,100
630,105,Warwick Hospital,DEC2021,4,gynaecology,17,100,-41.39999999999999857891452847979962825775146484375,8,0,100,2022-01-17T00:00:00,0,0,100
631,105,Warwick Hospital,DEC2021,5,neurosurgery,0,0,0,0,0,0,2022-01-17T00:00:00,0,0,0
632,105,Warwick Hospital,DEC2021,6,ophthalmology,0,0,0,0,0,0,2022-01-17T00:00:00,0,0,0
633,105,Warwick Hospital,DEC2021,7,orthopaedic surgery,0,0,0,0,0,0,2022-01-17T00:00:00,0,0,0
634,105,Warwick Hospital,DEC2021,8,plastic & reconstructive surgery,0,0,0,0,0,0,2022-01-17T00:00:00,0,0,0
635,105,Warwick Hospital,DEC2021,9,urology,8,100,-33.2999999999999971578290569595992565155029296875,4,0,100,2022-01-17T00:00:00,0,0,100
636,105,Warwick Hospital,DEC2021,ALL,ALL,68,100,-16,34,0,100,2022-01-17T00:00:00,0,0,100
637,228,Weipa Hospital,DEC2021,1,cardio-thoracic surgery,0,0,0,0,0,0,2022-01-17T00:00:00,0,0,0
638,228,Weipa Hospital,DEC2021,10,vascular surgery,0,0,0,0,0,0,2022-01-17T00:00:00,0,0,0
639,228,Weipa Hospital,DEC2021,11,other surgery,0,0,0,0,0,0,2022-01-17T00:00:00,0,0,0
640,228,Weipa Hospital,DEC2021,2,ENT surgery,15,100,0,12,1,91.7000000000000028421709430404007434844970703125,2022-01-17T00:00:00,1,0,91.7000000000000028421709430404007434844970703125
641,228,Weipa Hospital,DEC2021,3,general surgery,0,0,-100,5,2,60,2022-01-17T00:00:00,2,0,60
642,228,Weipa Hospital,DEC2021,4,gynaecology,0,0,-100,3,2,33.2999999999999971578290569595992565155029296875,2022-01-17T00:00:00,2,0,33.2999999999999971578290569595992565155029296875
643,228,Weipa Hospital,DEC2021,5,neurosurgery,0,0,0,0,0,0,2022-01-17T00:00:00,0,0,0
644,228,Weipa Hospital,DEC2021,6,ophthalmology,14,100,-74.5,11,10,9.0999999999999996447286321199499070644378662109375,2022-01-17T00:00:00,10,0,9.0999999999999996447286321199499070644378662109375
645,228,Weipa Hospital,DEC2021,7,orthopaedic surgery,0,0,0,0,0,0,2022-01-17T00:00:00,0,0,0
646,228,Weipa Hospital,DEC2021,8,plastic & reconstructive surgery,0,0,0,0,0,0,2022-01-17T00:00:00,0,0,0
647,228,Weipa Hospital,DEC2021,9,urology,0,0,0,0,0,0,2022-01-17T00:00:00,0,0,0
648,228,Weipa Hospital,DEC2021,ALL,ALL,29,100,-55.39999999999999857891452847979962825775146484375,31,15,51.60000000000000142108547152020037174224853515625,2022-01-17T00:00:00,15,0,51.60000000000000142108547152020037174224853515625
